nom_fermre§raison_sociale§desc_produits§adresse§tel§email§url§nom_prenom§Animations à la ferme§partenaires§lieux_cal§label§infos§assos§marches§autres_cal
Biscuiterie D'estelle§§Biscuits§3 bis lieu dit sargos 33490 Caudrot§06 46 20 46 72 §chezestellelangon33@gmail.com §https://www.facebook.com/chezestellelangon/,https://chez-estelle-langon.com/§Estelle Lorit§§§§§§§§
Biscuits B§§biscuits§2 avenue de Landerrouat 47120 DURAS§07.50.26.81.12,06.10.60.19.32§biscuitsb.biscuiterie@gmail.com§https://www.biscuitsb.com/§Elsa Sartelli, François Bergeal§§§CET, drive fermier La Réole§AB§§§§
§Chritian PELOUX§groseilles, myrtilles, cassis§33220 Pineuilh§06 43 96 15 89§ cigognier@wanadoo.fr§§Christian Peloux§§§Petit marché§§§§§
§NOËL Marie-Jeanne FRANQUINOTTE §§33420 GREZILLAC§§ franquinotte@orange.fr §§NOËL Marie-Jeanne FRANQUINOTTE §§§§AB§§§§
§Célia Ukkola§tisanes§Lieu dit les Marais Eynesse 33220§06 33 11 21 40§info@bio-phyto-shop.fr ;celia.ukkola@gmail.com§https://bio-phyto-shop.fr/§Célia Ukkola§§§CET Petit Marché§AB §§§§
§Julien Bonnet§Maïs, pomme de terre,légumes, cerises, pommes, raisin, aromatiques§5 le fougueyrat  33350 Flaujagues§§julienbonnet33@orange.fr§§Julien Bonnet§§§CET§AB§§§§
Chateau du Petit Roc§§vin, jus de raisin, noix§La Beylie 33220 Les Lèves et Thoumeyragues§05.57.41.20.28§gabriel-richard@orange.fr§http://www.chateau-petit-roc.com/§Jean-Paul et Gabriel Richard§§§CET§                                        §§§§
§Didier Duclos§pommes§47321 Villeneuve de Duras§§didierduclos@neuf.fr§§Didier Duclos§§§CET§       §§§§
 Ferme bio Duellas§§Farine, huile§24700 Saint-Martial-d'Artenset§06 83 24 41 35§domleconte@gmail.com§https://www.fermebioduellas.fr/§Dominique Leconte§§§CET§§§§§
En Douce Heure §§savons, cosmétiques bio, déodorant, dentifrice, baumes, huile anti moustiques, shampoings§Lieu-dit Beauchamp 1 route de l'amourette 24230 Vélines §06 28 20 40 02§contact@endouceheure.fr§https://www.endouceheure.fr/§Anne-Sophie Martin§§§CET Petit Marché,bouyrricous§AB Nature et Progrès§§§Bergerac – samedi matin, Sainte Foy le samedi.§
§Eric Guttierez§fromage de brebis, lait de brebis, greuils,  viande de mouton, agneau de lait§26 La grande chaux St Christophe de la Double 33230§05 57 69 07 74§eric.guttierez@orange.fr§§Eric Guttierez§§§CET,panier foyen,AMAP de Coutras, AMAP de Pessac, AMAP de St-Jean d'Illac§AB§Sur rendez-vous§§§
§Faustine Imber Vier et Christian Pace§kiwis§33350 Flaujagues§06 71 90 47 45,05 57 40 20 19§§§Faustine Imber Vier  Christian Pace§§§CET§§§§§
Ferme des Jarouilles§§Yaourts, fromages, crème, beurre,lait cru de vache,lait cru de chèvre, Caissettes de viande de bœuf, veau, porc, chevreau§33 Chemin des Jarouilles 33230 Coutras§06 09 30 46 01§laurenttite@free.fr§http://www.jarouilles.fr/§Laurent Tite§§§CET§Bio cohérence§lundi au vendredi 17h-18h30. Samedi 9h-18h30 §§§
La Courte Echelle§§bière§§06 45 16 14 77§brasserie@lacourteechelle.bio§§§§§CET§§§§§
La ferme aux fleurs§§Fleurs séchées, plantes aromatiques et médicinales, tisanes, eaux florales, macérats, œufs§532 La Chèvre 33760 Romagne §06 13 10 52 91,05 56 23 65 09§fermofleurs@gmail.com§§Jocelyne Riffaud§§§CET,AMAP : Pompignac, Langon,Paillet§AB§Semaine sur rendez-vous Fermé jours fériés et week-end§§Créon mercredi, Cadillac samedi, Pessac dimanche.§
La Ferme des Sources§§fruits, sorbets§33220 Margueron§§lafermedessources@free.fr§https://www.facebook.com/sorbetspaysans/§Alexandre Basso§§§CET, Petit Marché,Drive§AB§§§§
La ferme du Paillot §§Poulet, viande d’agneau, laine §140 route du Paillot, Saint Antoine sur l'isle 33660§06 07 02 30 92§lafermedupaillot@gmail.com  pasdom33@orange.fr§lafermedupaillot.com §Pascal Sancier§restauration §§CET, AMAPlanète Blanquefort,AMAP de Bruges,AMAP Papilles Eysines§AB§§§§
La Grange aux Abeilles§§légumes, confitures, conserves de légumes§lieu dit la yotte 24610 Minzac§07 81 24 38 33§lagrangeauxabeilles@laposte.net§https://www.facebook.com/ASCBIOMINZAC/§§§§CET§§§§§
Le Chateau des Rochers§§vin,jus de raisin§1 Le Bourg 33350 Belvès-de-Castillon §05 57 47 93 15§ch.des.rochers@wanadoo.fr§§Patricia et Lilian AROLDI / GASSIOT§Accueil camping car. Marché Bio à la ferme le 3ème dimanche du mois.§§CET§ Demeter§tous les jours sur rdv§§Marché de Langon au pôle bio Tous les vendredis Bergerac (derrière l'église) Tous les samedis. Les premiers dimanches du mois à Targon. Le dimanche : Tous les 3èmes dimanches sur l'exploitation (restauration sur place).§
Le jardin Biologique §§sirops, conserves,Fruits, légumes,confitures §6 impasse du lac 24610 Saint Martin de Gurçon§06 71 96 15 24§lejardinbiologique24@gmail.com§https://www.facebook.com/profile.php?id=100014812901647 §Céline Lafitte§ hébergement à la ferme§§CET§AB§vente à la ferme§§§
Les champis de l'Antre-deux-Mers§§Champignons, Pleurotes, shitaké§Lieu-dit Le charron Lugasson 33760 §07 67 50 54 45§ca2m@gmx.fr §https://www.facebook.com/pages/category/Farmers-Market/Les-champis-de-lAntre-Deux-Mers-113807563396438/ §§§§CET§§§§§
Les jardins de la Menoue§§légumes§Monton Menesterol 24700§06 45 26 79 15§lesjardinsdelamenoue@orange.fr§§Carine Tricard§§§CET§§§§§
Les Jardins de la Prêle §§légumes§Flaujagues 33350§06 88 81 94 82§marionstannard@yahoo.fr§https://fr-fr.facebook.com/pg/lesjardinsdelaprele/§Marion Stannard§§§CET,AMAP Le vert de terre à Castillon la Bataille§AB§§§§
Levain sur 20§§pain§Beau champ Montpeyroux 24610§05 53 81 40 70§besson.bruno@club-internet.fr. §§Bruno Besson et Élisabeth Buil §§§CET§§§§§
Maison Meneau §§sirops§18 Avenue Pasteur 33450 Saint-Loubès §05 57 97 14 60§contact@meneau.com§http://www.meneau.com/§§§§CET§§§§§
§Montant David§veau§Monton Menesterol 24700§06.74.99.49.60§montant.david@gmail.com§§ David Montant§§§CET§§§§§
§Munzer Véronique§chocolat§33230 Les Églisottes-et-Chalaures§§veronique.rula@club-internet.fr§§ Véronique Munzer§§§CET§§§§§
EARL la massane§§Cerises, pommes, prunes de table, raisin de table, pétillant de pommes§Au gay, 47120 Monteton§05 53 83 85 90§earlamis@orange.fr§§§§§CET§§§§§
Domaine de Micouleau §§kiwis§11 Micouleau 33350 Flaujagues §06 82 89 95 00§domaine.micouleau@gmail.com §§Pierre-Emmanuel Blanc§§§AMAP Carignan-de-Bordeaux, La Bastide§AB§§§§
GAEC Aux herbes et cetera §§production et transformation de plantes médicinales§4 lieu-dit Labarte 33580 Cours-de-Monsegur§§auxherbesetcaetera@gmail.com§https://www.facebook.com/auxherbesetcetera/posts/2624259690918592/ §Julia et Nastasia Chavrou§§§§AB§§§§
La Contie§§jus de pomme§24400 St Géry§06 11 94 55 29§migama@wanadoo.fr §§§Camping à la ferme§§CET§AB§§§§
Maman Poule§§Confiture, lingettes§33220 Pineuilh§§dorjeeelsa@gmail.com§§Elsa§§§CET§AB§§§§
UNION DES PRODUCTEURS DE GRANGENEUVE RAUZAN §§§1 LIEU DIT L'AIGUILLEY 33420 RAUZAN§05 57 84 13 22§ c.godinou@cavesderauzan.com §§BARO Denis §§§§§§§§
Ferme du Bayle §§farines blé sarrasin, petit épaute, huiles tournesol, colza, cameline, viande de bœuf, viande de veau, graines pour volailles§47120 Pardaillan§06 07 57 44 61§fermedubayle@nordnet.fr§§Gilles Chatellier§§§CET,Bouyrricous,panier Foyen,AMAP Eymet,Bergerac Marmande§AB§vente à la ferme le mercredi de 8h30 à 12h30§§§
§Penisson Camille et Raphael§Légumes§33220 Port sainte Foy§§penissonsarl@wanadoo.fr§§Penisson Camille et Raphael§§§§§§penissonsarl@wanadoo.fr§§
les fées des plantes§§§24230 Saint Antoine de Breuilh§06 11 45 80 44§helenedu24@gmail.com§§Héléne De la Bardonie§§§CET§AB§§§§
§LORIEUX Pierre §fromage vache, viande bovine, légumes, productions horticoles§24610 Minzac § 05 53 80 71 92 §pierre-lorieux@wanadoo.fr§§Pierre Lorieux§§§CET§AB§§§§
SCEA CHATEAU VALLON DES BRUMES §§§1 FONSALADE 33350 DOULEZON §05 57 40 51 51§sceavdb@orange.fr§§§§§CET§AB§§§§
verger de la goutte d’or§§fruits §lieu-dit Sauvage, 47160 SAINT LÉON  §06 37 47 92 60,06 89 21 64 15§fruitsbio@vergerdegouttedor.com§http://vente-pomme-bio-47.fr/§§§§AMAP Castillon§AB§§§§
Vignobles Bernard et Pierretstella§§blés anciens, vins bios§24230 Montcarret§§vignoble-bernard24@orange.fr §§Claudy et Bruno Bernard§§§Petit marché§AB§§§§
Domaine des Rouillats §§ pêches, brugnons, fraises, jus de pommes, tomates,coulis de tomate, vins§24230 Saint Antoine de Breuilh§  06 32 09 82 47 §daniele.coq@gmail.com §§Danièle Coq§§§Petit marché,Drive foyen§AB§§§§
Ferme de Durège §Céline Clisson§plants potagers, aromatiques, médicinales, Semences paysannes – Spécialisée en variétés anciennes§33890 Pessac sur dordogne§09 51 95 82 10§fermededurege@live.fr§http://www.grainesrebelles.kingeshop.com/,http://fermededurege.over-blog.com/,https://www.facebook.com/pages/category/Agriculture/Ferme-de-Dur%C3%A8ge-1318750918216494/§Céline Clisson§Initiation à la permaculture, découverte plantes sauvages comestibles, formation semis et semences,  jardinage à domicile.§§Petit marché, Bouyrricous,Drive foyen§permaculture pas de label§vente à la ferme le mercredi et samedi de 15h à 19h§§§
Au pré des oies§§Éleveuse d'oies et volailles, Production d’oeufs, conserves fermières§33220 Saint André et Appelles§06 72 05 84 16§sonia.baudin@laposte.net§§Sonia Baudin§§§Petit marché, Bouyrricous,Drive foyen§§§§Sainte Foy la grande le samedi matin.§
GAEC Ferme de Gardes§§Maïs et blé anciens , avoine, triticale,sarrasin, soja, tournesol,farines, conserves fermières canard gras, bœuf et veau bio§24230 Saint Antoine de Breuilh§ 05 53 24 83 00 §fermedesgardes@free.fr §§Didier Margouti Simon Marquette§§§Petit marché, Drive foyen§AB§§§Sainte Foy la grande le samedi matin.§
Le fil de Zébulon§§laine naturelle§33890 Gensac§06 72 56 67 27 §cassedurey@hotmail.fr §§Joël et Sophie Gaussou§§§§§§§§
Les ruchers de Lilly§§miel§24610 Saint Méard de Gurçon§09 50 69 82 95,06 79 63 06 80§jennifer.gobert@hotmail.fr §§Michel Hourmant Jennifer Gobert§Peinture sur galets : « les galets du bonheur »§§Petit marché§§§§§
§Jean Michel Mezuret§Légumes bio, framboises,pomme de terre§835 route de Péricou, 24230 Saint Antoine de Breuilh§06 79 59 12 23,05 53 57 33 37§   djmmezuret@orange.fr§§Jean Michel Mezuret§§§Petit marché,Panier foyen§AB§vente à la ferme le jeudi de 17h à 18h§§§
§Bérenger Fontaine§Légumes bio§24230 Saint Antoine de Breuilh§§berengerlechat@gmail.com §§Bérenger Fontaine§§§Petit marché§AB§vente à la ferme le jeudi 17h à 18h§§§
Ferme du Bourdil§§porc bio élevés en plein air, légumes de saisons, pâtes fraîches et sèches, oeufs, volailles§24100 Bergerac§06 09 64 29 21§pourtales.laurence@orange.frlesjardinsdubourdil@gmail.com §§Laurence et François  Pourtalès  §§§Petit marché§AB§§§§
La grangeotte§§huile de noix production noix biodynamie§24230 Lamothe Montravel§06 88 47 09 10 §lagrangeotte@gmail.com §§Claire Picard§§§Petit marché,bouyrricous§AB Demeter§§§§
Lait trait de Caro  §§Productrice de lait de jument, fabrication de crêpes, cosmétiques au lait de jument§33220  Les lèves et Toumeyragues§ 06 35 45 35 07 §contact@laittraitdecaro.fr§§Caroline Hospital§§§Petit marché§AB§§§§
§EATON Elizabeth §§Chemin blanc, les illarets 24230 ST MICHEL DE MONTAIGNE§§elisabeth.eaton@wanadoo.fr §§§§§§§§§§
§Bagard Olivier§orge, luzerne,viande de porc§Lou touquet 24500 Fonroque                                                                                                                       § 05 53 74 38 32,06 85 18 23 01§loutuquet@wanadoo.fr §www.campingloutuquet.fr § Olivier Bagard§Camping à la ferme§§§AB§§§§
§Agnes Olivier§maïs  Tournesol§La Feyne 24400 Saint-Michel-de-Double§05 53 81 73 07§§§Agnes Olivier§§§§AB§§§§
chateau de bonhoste §§vins §33420 ST JEAN DE BLAIGNAC §05 57 84 12 18§contact@chateaudebonhoste.com §§FOURNIER YANNICK§§chateau de bonhoste §§§§§§
§Anthony King§Viande mouton§3 Brandeau 33350 Les Salles-de-Castillon §05 57 40 65 48§§§Anthony King§§§§AB§§§§
§Eric Berjon§avoine, blé, orge,colza, sarrasin, seigle,soja, triticale,tournesol,Farine petit et grand épeautre, khorasan, huiles de tournesol et colza, lentilles vertes§3 gallard 33540 Blasimon §05 56 71 81 31§§§Eric Berjon§§§§AB§vente à la ferme le du lundi au vendredi de 14h30 à 18h§§§
Question de Culture Association§§Pomme de terre§39 bis Rue Renaudat 24130 Prigonrieux § 05 53 61 60 13 §asso.qdc@wanadoo.fr§§§§§§AB§§§§
Sarl jp Et p'Amoreau Sarl château le Puy§§Viande bœuf§Chateau le Puy 33570 Saint-Cibard §05 57 40 61 82§contact@chateau-le-puy.com§http://www.chateau-le-puy.com §§§§§AB§§§§
EARL TRABUT§§Blé, Maïs, soja§Au Bourg 33580 Taillecavat §05 56 61 62 66§§§ Philippe Cussac§§§§AB§§§§
Domaine Ecologique les Charbonnieres§§Pomme de terre, pleurotes, raisin de table, lègumes d’été§Les Charbonnieres ld Le Fauresourd24230 Montcaret§05 53 58 07 48§lescharbonnieres@neuf.fr§§Christine Roux§§§§AB§§§§
Earl Gerthy §§Raisin§Larchere 24240 Pomport§05 53 58 25 84§gerthy24@bbox.fr §§Thierry Baudry§§§§AB§§§§
GAEC de la gilette §§Avoine, luzerne ,triticale, viande veau et bœuf§La Gillette 24500 Eymet §05 53 27 30 46§§§Jacques, Martine et Laurent COMBAUD§§§§AB§§§§
§Lionel Jourdas§avvoine,luzerne,triticale, viande mouton§Les Cailloux 24240 Pomport §05 53 27 86 26§§§Lionel Jourdas§§§§AB§§§§
château poupille§§Vins§33350 SAINTE-COLOMBE§05 57 74 43 03§jmcarrille@orange.fr §§§§§§§§§§
§DESTOMBES Brigitte §œufs, blé, triticale,tournesol, luzerne, féverolles§Le burgaud 24500 Fonroque § 05 53 23 71 05 §jfb@fermeburgaud.fr§§ Brigitte Destombes§§§§AB§§§§
§MARTIN Jean pierre §Raisin, semences potagères§La ratisse 47120 Loubès-Bernac§§§§ Jean pierre Martin§§§§AB§§§§
§LE BIHAN Catherine §Blé, orge, tournesol,soja§Mouthes 47120 Saint-Jean-de-Duras §05 53 83 06 98§§§ Catherine Le Bihan§§§§AB§§§§
EARL Jariais§§Poulet, blé, orge, triticale,soja,tournesol,féverolles§Lieu dit LE JEAN L'HOMME 47120 Saint-Sernin§05 53 94 70 23 §§§§§§§AB§§§§
agneau pastoral de la Double§§Volailles, lapin§§§trz@live.fr§§§§§§§§§§
§CARDEILLAT Michel§Poulet,viande porc, viande porcelet, viande mouton,viande chèvre, maïs§Les Ecorces 24610 Montpeyroux §05 53 81 51 38 §michel.cardeillat@wanadoo.fr §§Michel Cardeillat§§§panier foyen§AB§§§§
§POIRIER Hervé §Miel§Pyraine 24400 Issac§05 53 80 79 64 §§§Hervé Poirier§§§§AB§§§§
§DEBAUDRINGHIEN Yann §œufs, poulet, viande mouton, pomme de terre,luzerne,tournesol, paille haute densité pour construction§Le Mondonnet 24560 Bouniagues§05 53 23 99 21§§§Yann Debaudringhien§§§§AB§§§§
§DOS SANTOS SILVA Valerie §viande mouton,lait de vache,luzerne, orge§Le Bourg 24500 Sadillac§05 53 22 47 34§§§Valerie Dos Santos Silva §§§§AB§§§§
Les jardins de gastebois §§Miel, champignons, lavande, fleurs d’ornement, luzerne, semences potagères§Gastebois route De Monsempey 24130 Saint-Pierre-d'Eyraud §06 87 40 44 45 §dubiau@free.fr §§Jean-Marc Dubiau§§§§AB§§§§
les sources §§ poulet, maïs, orge§Le Roc 24230 Saint Vivien§§§§Patrick Lecigne§§§§AB§§§§
Ferme de Gaudry§§Lègumes bio, vins§Marsas 33620§§ferme.gaudry@gmail.com§§§§§§§§§§
Les jardins de Valentin §§Lavande, semences potagères§Les Martins 24240 Monestier §05 53 58 30 38§monia.baltz@sfr.fr§§Monia Baltz§§§§AB§§§§
§DAMERON Elisabeth§Raisin§Le Tuquet 24100 Bergerac §05 53 57 59 01§§§Elisabeth Dameron§§§§AB§§§§
La ferme du bois d’Aquilas§§Pomme à cidre,oeufs, raisin, semences potagères§1 Route de Montaigne 24230 Lamothe-Montravel§06 84 35 03 86§§§§§§§AB§§§§
§MANSORD Stephane §Volaille, lapin§Lantogne 47800 Puysserampion §06 10 83 87 34§§§Stéphane Mansord§§§§AB§§§§
Gaec Font de La May§§blé, féverolle, luzerne, triticale, vins§37 Route de Perthus 24240 Sigoulès§05 53 58 46 57§§§Michèle et Emmanuel Roux§§§§AB§§§§
Earl Chemin du Nicaud §§Blé maïs tournesol§Nicaud 47120 Monteton§ 05 53 20 03 58§§§Cecile Pizzinato§§§§AB§§§§
Les Saveurs du Bois du Roc §§Pomme à cidre, pomme de terre, semences potagères§La Feliere 24240 Monestier§05 53 22 90 46§contact@saveursduboisduroc.fr§§ Patrick Dargere§§§§AB§§§§
Earl De conti§§Blé §Les Eymaries 24240 Thénac §06 22 20 41 38§château.belles.filles@gmail.com§§François de Conti§§§§AB§§§§
§Burguiere Remi §Luzerne§13 avenue charles de gaulle 33350 Sainte-Terre§§§§ Remi Burguiere§§§§AB§§§§
Scea vignobles   RICHARD Chateau petit roc§§Pomme de terre§La beylie 33220 Les Lèves-et-Thoumeyragues§05.57.41.20.28§§http://www.chateau-petit-roc.com/ §Jean paul Richard§§§§AB§§§§
SCEA Du bois de la dame §§blé, luzerne, maïs, tournesol,orge§Courberieux 24560 Saint-Perdoux §§message envoyé par illico§§M Philippe GRILHE §§§§AB§§§§
§Ramuz René§Viande biologique: agneaux et moutons Ovins vivants biologiques pour la reproduction - pour l'élevage et pour l'abattage des races Ile de France et Mouton Vendéen§Charlat 33890 Coubeyrac§05 57 47 45 73§remi.ramuz@orange.fr§§ René Ramuz§§§§AB§vente à la ferme sur rendez-vous§§§
Château Moulin de Peyronin§§Jus de raisin, mousseux, vins blancs, rosé, rouge§Lieu dit Peyronnin 33350 Pujols§ 05 57 40 79 34,06 64 13 16 65§moulindepeyronin@yahoo.fr §§Franck Terral §§§§AB§§§§
Ferme du Grand Juan §§fromages frais affines, tommes, yaourts, faisselles de chèvre §Grand Juan 33790 Saint-Antoine-du-Queyret§05 57 40 58 57,06 20 08 67 43§§§Frédérike Bouzon§§§§AB§§§§
CHATEAU DE BRUSSAC §§§33420 LUGAIGNAC §05 57 84 69 71§§§§§§§AB§§§§
Savonnerie Bulles de Nature§§savons artisanaux et accessoires d’hygiène§St Christophe de Double 33230§§lsbd@orange.fr§https://www.facebook.com/LaSavonnerieBullesdeNature/ §§§§§AB§§§§
Les Chèvres de Stéphanie§§Fromages de chèvre§§06 70 12 05 71§anne.graux@gmail.com§§ Anne Graux§§§§AB§§§§
le jardin de Félicien §§Oeufs, légumes§24230 Monpeyroux§06 69 50 86 24§jardindefelicien@yahoo.fr§§Blandine Ménager§§§§AB§§§§
§Gomes Thomas§Morilles,vins Bio§§06 72 95 09 50§thomas.gomes@hotmail.fr§§Thomas Gomes§§§§AB§§§§
La ferme de Got§§Oeufs§33320 Les Peintures§§honone3@gmail.com§https://www.facebook.com/pages/category/Farm/La-Ferme-de-Got-110146873877390/,https://www.lafermedegot.fr/§§§§§AB§§§§
EARL Saveurs des collines§§Pomme de terres, légumes de saison§Lieu-dit LE GUERRIER BAS 47120 Loubes-Bernac§06 78 85 00 83  §e.pazzaia@saveursdescollines.com §https://www.saveursdescollines.com/accueil-f/actualit%C3%A9s/ §§§§Etienne PAZZAIA §AB§§§§
Le Jardin de Maria & Nico §§légumes de saison, fruits, plants potagers§47120 Saint Jean de Duras §06 78 19 09 83§mnspinar@orange.fr§https://www.facebook.com/Le-jardin-de-Maria-et-Nico-1907479416047328/ §§§§§AB§§§§
Ferme du Giraud Safran de Launay§§Safran et produits dérivés§2 Giraud 33790 Soussac§05 56 71 83 82,06 82 33 77 26§fermedugiraud@free.fr§facebook.com/ lafermedugiraud§Michel  et Stéphanie Malaplate§§§bouyrricous, Drive fermier La Réole§Agriculture naturelle§§§§
§Thomas Huguin§Légumes et paniers sur RDV§24490 La Roche-Chalais§06 33 18 21 68§thomas.huguin@hotmail.fr§§Thomas Huguin§§§§AB§§§§
Ferme biologique Las Servatas§§Légumes variétés anciennes, paniers§24700 Eygurande-et-Gardedeuil§06 89 20 79 59§§https://www.facebook.com/FermeBiologiqueLasServatas/§§§§§AB§vente à la ferme le samedi de 10h à 12h§§§
Les 3 vignobles§§Légumes de saison, fruits rouges, aromates§lieu dit passé 47120 Pardaillan§ 05 53 89 64 54§lestroisvignobles@orange.fr§https://www.Chambre-hote-nature-les3vignobles.com§Mathilde et Francis Boeuf§hébergement chambres d’hôtes§§§AB§vente à la ferme le mercredi 16h à 19h30§§Samedi la Réole.§
Campenaerts Stan et Natascha§§Fromages de chèvre§24560 FAURILLES§05 53 61 27 10 §ncampenaerts@aol.com§§Stan et Natascha Campenaerts§§§Petit marché§§§§§
§Myriam Frayssignes§Volailles, œufs,lapin§Église-Neuve-d'Issac 24400§§myriam.frayssignes@orange.fr §§Myriam Frayssignes§§§§§§§§
les hauts de riquets§§Fraises, céréales, élevage et transformation viande de porc,vins, vinaigre, jus de raisin§Les Riquets 47120 Baleyssagues§05 53 83 83 60,06.87.83.25.40§hautsderiquets@orange.fr§http://www.domainelesriquets.fr§§hébergement chambres d’hôtes/ table d’hôtes§§§Demeter§vente à la ferme tous les jours 9h à 18h§§§
KSO Kiwi du sud ouest§§kiwis§49 route des graciés 33220 Port Sainte Foy§05 53 58 89 22§secrétariat.kso@orange.fr§§§§§§AB§§§§
ah mais des légumes Bio§§Légumes et  fruits§25 la grande chaux, 33230 Saint Christophe de Double§06 28 3713 84§ahmaisdeslegumesbio@gmail.com§§Guillaume Lafon§§§§AB§vente à la ferme le mercredi 14h à 20h§§Samedi Coutras.§Possibilité d'approvisionner la restauration collective
Chateau le pis§§lait de vache, des fromages frais, fromage blanc, tommes, fromages râpés, desserts lactés, yaourts, panna-cotta, mousse au chocolat, riz au lait, glace§1 Pièce Neuve, 33580 Taillecavat§05 56 61 67 52,06 50 38 97 09 §lysianne.maziere@wanadoo.fr§https://www.chateaulepis.com/ §Lysianne Mazière§§§§AB en conversion§vente à la ferme 7j/7§§Sainte Foy la grande le samedi matin Marché de Pessac.§Magasin de producteurs. Le comptoir Paysan,Histoire de terroir,Epicerie vrac et local. 33580 Roquebrune,33540 Sauveterre de Guyenne,47800 Allemans-du-Dropt.Autres circuits courts Locavor.fr et nosproducteurschezvous.fr
§Anne et Pierre Noël Bousseau§Légumes de saison, fruits rouges,asperges§lieu-dit Petit Pey 47120 SAINT PIERRE SUR DROPT  § 05 56 61 35 15,06 89 03 69 08§th.comin@orange.fr§§Anne et Pierre Noël Bousseau§§§Les bouyrricous§AB non certifié §§§§
§Bourdil Jean-Michel  §Bœuf en caissette avec différents morceaux ou sous vide§La Claud 33790 LISTRAC DE DUREZE §06 60 70 26 74,05 56 61 66 00§§§Jean-Michel Bourdil§§§§§§§§
§DURAND Pascal§Pêcheur de Lamproies §Meynard Est 33330 Sainte-Terre §06 87 06 54 20§durandpascal0605@gmail.com§§Pascal Durand§§§§§§§§
Château Fourton La Garenne - Les vignobles de Damanieu§§jus de raisins, vins, Paniers de légumesde saison.§321 passage de Fourton 33750 Nérigean§06 76 98 39 78 §fourtonlagarenne@orange.fr §http://fourtonlagarenne.over-blog.com/ §Aude et Martine Richard§§§AMAP Tresses§Demeter§vente à la ferme tous les jours (téléphoner avant) §§§
Château Haut Bicou§§jus de raisins, vins§64 chemin de l’eau douce, Salignac 33240 VAL DE VIRVÉE§§hautbicou@orange.fr §hautbicou.com § Frédéric Lahaye§§§§AB§vente à la ferme le samedi de 9h à 18h §§§
Délices de l’estuaire§§§33920 Saint-Christoly-de-Blaye§§delicesdelestuaire@gmail.com§§§§§§AB§§§§
Château Le Parvis de Dom Tapiau §§Légumes de saisons de mai à janvier,Légumes frais de Mai à février, Courgette (45 espèces), pomme de terre, salade, tomate, courge, aubergines, Œufs extra frais,Vins§20 chemin crox de Beylot 33360 Camblanes§05 56 20 15 62 §leparvis@orange.fr §§ Florence et Olivier Reumaux§§§AMAP Le Pré de Carignan, Asso de Quartier Bordeaux Belcier, Quinsac, Floirac§AB§vente à la ferme du mardi au vendredi de 16h à 19h. Le Samedi de 10h à 13h §§§
Domaine de Montagne §§tome de brebis, vins rouge, vins blanc, vins rosé§457 lieu dit Montagne 33550 CAPIAN§06 03 36 58 44 §domainedemontagne@laposte.net§domainedemontagne.wixsite.com/capian §Michaël Bonnaud§§§§AB§vente à la ferme le samedi de 15h à 18h §§§
§DUQUENNOY Nelly§plants maraîchers horticoles, aromatiques. §36 chemin de buzi 33750 CAMARSAC §06 04 49 22 17 § lesjardinsdemasapi@orange.fr§lesjardinsdemasapi.org §Nelly Duquennoy§§§§§vente à la ferme le vendredi après-midi§§§
Ferme d’Escambert §§Légumes diversifiés de saison, œufs§Ferme d’Escambert 33420 NAUJAN ET POSTIAC §§contact@fermedescambert.f §fermedescambert.fr §§§§AMAP Créon - vendredi 19h-20h, Paillet – jeudi 18h30-19h30 Castillon§§commande sur site internet §§§
Ferme de Laruscade§§poulets de chair, œufs,Chapons,poulardes pendant les périodes festives §1 Nauves plates 33620 LARUSCADE §06 66 53 41 06 §fermedelaruscade@gmail.com §§ Olivia Quillet§§§AMAP§§vente à la ferme§§§
§FORICH Camille§Fruits et légumes diversifiés de saison§32 rue Lassime 33190 GIRONDE SUR DROPT §06 46 61 79 57§§§Camille Forich§§§AMAP Castillon§AB§vente à la ferme le lundi de 16h à 18h §§Marchés : Monsegur – vendredi. La Réole – samedi.§
Le jardin délices §§fraises, petits fruits rouges, tomates anciennes, pommes de terre, salades§2 route de camblanes 33670 SAINT GENÈS DE LOMBAUD§§contact@le-jardin-delices.fr §le-jardin-delices.fr §§§§ AMAP Créon, AMAP Paillet§AB§vente à la ferme : mercredi etvendredi 15h-19h. Samedi 10h-19h§§Targon - 1er dimanche du mois 10h-14h.§
§MARCHEWKA Jean-Michel §Melons , pastèques, pêches, légumes, plantes aromatiques §1 lieu dit Chevalier 33230 LAGORCE §06 85 86 47 82,05 57 69 40 04§ jmmarchewka@laposte.net §§Jean-Michel  Marchewka§§§§AB§vente à la ferme§§§
SCEA Simonneau & Fils§§Jus de raisin, vins§2 place du Lavoir 33760 SAINT PIERRE DE BAT§ 05 57 34 52 52 § contact@morlan-tuiliere.com §morlan-tuiliere.com § Pierre Abel Simonneau§chambres d’hôte §§§Demeter§vente à la ferme le  (téléphoner avant) §§§
Vignobles Famille Cassy Laurent §§Jus de raisin, vins sans sulfites ajoutés , Céréales, févérole, graines à couverts végétaux, engrais vert§Chillac 33190 MORIZÈS §06 86 44 48 71 §lcassy@wanadoo.fr §§  Laurent Cassy§hébergement à la ferme. §§§§vente à la ferme le  (téléphoner avant) §§§
Au fil des près §§Boeuf gras en colis (novembre et mars), colis de veau (toute l’année), colis de bœuf (toute l’année) §Lavergne 33540 DAUBEZE §06 25 79 12 04 §aufildespres@orange.fr §§Patrick Vignaud§§§§§vente à la ferme selon abattage et saisonnalité (sur pré-commande) §§§
EARL L’Atelier du Miel  §§Vinaigres de miel, Vinaigre nature, Vinaigre avec plantes ou fruits, Miels, confitures Just'o miel®, hydromel, pollen, gelée royale, propolis, paniers et coffrets cadeaux§Lieu dit Pater 33190 St-sève§06 11 59 18 55,06 07 18 26 03,05 56 71 20 53§contact@atelier-du-miel.com §https://www.atelier-du-miel.com/§Dominique Pellet Line Chauquet §§Bienvenue à la ferme§drive fermier,Arrosoir ô légumes Floirac§AB§vente à la ferme du Mardi au Samedi de 9h30 à 12h et de 14h30 à 17h30§§§
Ferme de Bignac §§Volailles, palmipèdes gras§20 Le Grand Bignac 33230 Chamadelle §06 72 31 72 73§fermedebignac@orange.fr §http://ferme-de-bignac.com/ §Sandra Deltreuil§ferme auberge§§§AB§vente à la ferme le Vendredi et le Samedi sur rendez-vous §§§
SCEA Vergers Gaillard & Beurret§§Noix, figues, confitures bio, Légumes, jus de fruits, Agneaux de l'Estuaire "bio" (Coopérative le Prévert),Bois de chauffage§1 Route de Beurret 33570 Les Artigues-de-Lussac France§05 57 24 34 48§christopherderrett@hotmail.fr §§Chistopher Derrett §§§§AB§vente à la ferme tous les jours de 10h à 19h§§Libourne mardi/vendredi/dimanche, Cenon et Créon le mercredi. Marché Royal de Saint-Michel à Bordeaux le samedi. Bassens le dimanche.§Biocoop, Loc'halle bio, Eau vive.
SCEA de la Peyronne §§Bœufs certifiés BIO, Veaux certifiés BIO §4 rue des Esteys 33240 St-Gervais§§earldelapeyronne@bbox.fr §http://www.lapeyronne.fr/§Maguette Dufay§§§Cenon, Prignac-et-Marcamps, Estuaire, Braud-et-St-Louis§AB§livraisons§§§
Le rucher des musiciennes§§Miels monofloraux, propolis, pain d'épices§11 rue de la pompe  33870 Vayres §06 32 21 62 95§alexpillet@orange.fr §http://www.rucherdesmusiciennes.com/ §Alexandre Pillet§§§, §AB§vente à la ferme sur rendez-vous §§§
Soumagnac Claude §§kiwis, vins§61 avenue de la Dordogne 33350 Mouliets-et-Villemartin§05 57 40 16 45§soumagnac.claude@hotmail.fr §§Claude  Soumagnac§§§AMAP de Pompignac§AB§vente à la ferme du Lundi au Vendredi  toute la journée §§§
EARL de Bellegarde §§Lapins , poulet, pintade,canette§3 Bellegarde 33420 NAUJAN et POSTIAC§06 33 19 53 42§celdupont78@gmail.com §http://www.drive-fermier.fr/daignac§Céline Dupont§§§§AB§vente à la ferme le vendredi de 17h00 à 19h30 (sur commande avant le mardi soir)§§St Médard de Guizieres tous les samedis.§le comptoir bio et locavore Castillon la Bataille
§UBBEDA Christophe§Lait de jument, Chevaux de trait§2 au Merle 33750 St-Quentin-de-Baron §06 22 41 16 31§christopheubeda@hotmail.fr §§Christophe Ubbeda§§§§AB§vente à la ferme du Lundi au Samedi de 9h à 17h sur rendez-vous§§§
SARLAT Bruno§§Fraises,Citrouille, choux, céleri, radis, oignon, pomme de terre, salade, navet, fenouil, ail, courgette, concombre, poivron, melon, artichaut, haricot, betterave, aubergine, tomate, maïs§5 Bouey 33540 Sauveterre-de-Guyenne§06 86 25 94 62§sarlat.bruno@wanadoo.fr§http://www.panierbiodeguyenne.com/PrestaShop/§Bruno Sarlat§§§§AB§vente à la ferme sur RV. Possibilité de livraison à domicile.§§§
Elevage DELABIEREDANNE§§Colis de veau (Salers), colis de bœuf (Salers), colis de bœuf gras (Salers) §4 le Bourg 33490 Semens§§delabieredanne@orange.fr §www.viandebio-aufildespres.com§§§§§AB§vente à la ferme en fonction de l'abattage. Sur rendez-vous.§§§
Biocousinat§§Tomates, haricots verts, poivrons, aubergines, citrouilles, potimarrons, poireaux, carottes, pommes de terre, radis, salades, céleri rave, choux verts§11 Maucousinat 33190 BARIE §06 09 57 22 07§earl.biocousinat@gmail.com §§§§§Langon,St Macaire,Barsac§AB§§§Bègles Tous les mercredis. La Réole tous les samedis.§
§LIARCOU Thierry§kiwis§28 Bis chemin du Carrouet 33190 Barie §06 62 71 98 10§t.liarcou@yahoo.fr §https://www.kiwibio.fr/ §Thierry Liarcou§§§AMAP de Pessac, Domaine de Fantaisie Mérignac,AMAP de Langon§AB§vente à la ferme le samedi sur rendez-vous de 14h à 16h30 §§§Comités d’entreprises
Ferme Maraîchère  §§Légumes de saison en plein champ §2 Le Carouet 33190 Barie §05 56 61 16 37§antoine.godel@orange.fr§http://terroir-de-barie.fr/§Antoine Godel§§§§AB§§§Cadillac tous les samedis.§
§DUCOS  Xavier§Légumes §5 Biôt 33190 Loupiac de la Réole §05 56 71 29 33§nadine.mensencal@wanadoo.fr §§Xavier Ducos§§§§AB§vente à la ferme en semaine : de 18h à 19h30. Le samedi : de 9h à 19h30. Le Dimanche : sur commande. §§§
§MAILLOU Michel§Miels, cire, propolis, pollen §1 laurent 33190 Mongauzy §05 56 61 75 93§mailloumiel@orange.fr§§Michel Maillou§§§§AB§§§Créon les mercredis. Cadillac les samedis.§
Château Rolin Haut Briand §§Raisins de table, vins bio§1 grand Plantier 33240 Vérac §06 07 10 20 91§sophie.linhart@orange.fr§http://www.bordeaux-biologique.fr/ § Sophie Linhart§§§§AB§vente à la ferme toute la semaine de 9h à 12h et de 14h à 18h §§§
Ruchers du roc §§miel§BOURON 33190 Loubens§05 65 34 76 46§marie.nadau@laposte.net §§Marie Nadau§§§§AB§§§§
Massoubre Icare§§Pains, Légumes§§§icare.massoubre.pain.bio@gmail.com§§Icare Massoubre§§§§AB§§§Castillon les lundi.§
Génissac Bio §§Légumes§Chemin de la Croix 33420 Génissac §§lejardinvayres@gmail.com §§Cécile Casamajou-Trésaugues §§§§AB§vente à la ferme le samedi de 10h00 à 13h00§§§
§Nadaud Van Den Berk§Fromages de chèvre fermiers biologiques §3 Leyssard 33660 Puynormand §07 82 24 23 74§van-den-berk-theo@orange.fr§§Régine et Théo Van Den Berk§§§AGAPES Libourne, Paysans consommateurs Bordeaux§AB§§§Castillon la Bataille lundi, Libourne vendredi, Bordeaux le samedi.§
La Caravane Des Senteurs§§Cosmétiques, hygiene, produits ménagers§10 Rue de Martainville 33560 Carbon-Blanc§§florence.broueilh@laposte.net §§§§§§AB non certifié§§§§
Les jardins de la rainette§§Légumes de saison§19 Rue du moulin 33760 ST PIERRE DE BAT §06 22 34 77 22§manou.ploug@hotmail.fr §§Marie Plouganou Chadi §§§§AB§vente à la ferme du lundi au Vendredi de 9h à 13h §§§
 Ferme Du Moulinat §§Huile de colza et de tournesol Bio ,céréales Bio, lentille, popcorn, Maïs, féverole, blé, orge Foin, paille bio,Cochon noir Bio§1 Le Roquet 33190 Loubens§556713084,067689§lafermedumoulinat@gmail.com§http://www.lafermedumoulinat.com/ §Famille Fazembat§Grillades sur marché nocturnes,Festigrillades à la ferme§§§AB§vente à la ferme du Lundi au Vendredi : 10h-12h30/14h-18h30 Samedi : 10h-12h30/14h-17h30 §§Marché nocturne Blasimon (grillades).§Locavor, panier.net  
§ CORDES Laurent§Pommes de terre, oignons, courges§Au Ressourt 33670 Saint-Gènes-de-Lombaud §06 18 46 95 07§laurentcordes@yahoo.com §§Laurent Cordes§§§§AB§§§§Possibilité d'approvisionner la restauration collective.
§ LANCUENTRE Pascal§Viande bovine§2 vieux Malfrad 33910 Saint-Martin-de-Laye §05 57 74 24 51§p.lancuentre@gmail.com §§ Pascal Lancuentre§§§§AB§§§§
Domaine d’Ecoline ferme des légumes retrouvés§§Fruits et légumes de saison (dans le magasin ou en libre cueillette),  œufs fermiers de plein air (non labellisés bio)§Lieu-dit Joyeuse 33670 SADIRAC§06 10 13 26 81§contact@domaine-ecoline.fr §https://www.domaine-ecoline.fr/3-vente-a-la-ferme,https://www.facebook.com/domainedecoline/§Elise Borzeix§Ferme découverte, hébergements à la ferme, cueillette.§§§AB§Drive fermier (casiers automatisés).Magasin producteurs à la ferme. Livraisons. §§§
Les Ruchers de Sarah§§Miels d’Acacia,miels de Bruyère, miels de lavande, miels de thym, cire, propolis, pollen§20 route des Gachets 33370 Salleboeuf §06 32 78 95 96§jmmichel33@yahoo.fr §https://www.ruchersdesarah.com/ §Jean-Marie Michel§§§AMAP : Le pré de Carignan§AB§vente à la ferme du Lundi au Samedi de 10h à 20h §§Talence mercredi. Blanquefort samedi. Talence dimanche.§
Le potager du dropt§§Légumes§4 RN 113 33190 CASSEUIL§07 82 13 41 44§arno33@gmail.com §§Jean-Claude Cadiot§§§§AB§vente à la ferme du Lundi au vendredi : 10h - 12h Samedi : toute la journée Dimanche : 10h-12h§§§
 La ferme des deux rivières §§Kiwis,légumes de saison, Carottes, pommes de terre, poireaux, tomates, aubergines, courgettes, potirons, navets, épinards, blettes, oignons, poivrons, radis§Pignot nord 33190 Barie§07 81 29 92 22§lafermedes2rivieres@gmail.com §http://www.lafermedes2rivieres.fr/ §Laurent et Marie Brunel§§Marché des producteurs de pays§Amap de Mérignac, Amap du Haillan, Amap d'Eysines§AB§vente à la ferme le Mercredi de 15h30 à 19h30 et le Samedi de 10h à 12h (adresses: 16 le bourg, 33210, Castillon-de-Castets)§§§Paniers de légumes livrés le mardi à la gare de Langon de 16h45 à 19h30.
§Roméro Françoise §Baies de Goji, Framboises,Kiwis §8 Le Bourg 33190 Barie §06 80 62 55 80§francoise.romero@sfr.fr §§Françoise Roméro§§§Amap des Rives de garonne Langon§AB§§§Langon tous les vendredis. La Réole tous les samedis.§
Le jardin des tisanes §§Légumes, œufs§260 Chemin de Lépine 33550 Tabanac§06 61 17 04 03§jardindestisanes@gmail.com §§François et Rosana Araujo§§§AMAP Nansouty§AB§A Bordeaux, Marché bio quai des Chartrons  jeudi de 7h à 13h.§§§
Les Boeufs de Lagrange §§Viande de bœuf§SCEA Lamothe, Domaine de Lagrange, 146 route des Palus 33450 Saint-Loubès§06 25 45 15 07§lesboeufsdelagrange@gmail.com §§Antoine et Barbara Tournemire §§§§AB§Enlévement des commandes le vendredi après-midi et le samedi matin. §§§Opérations programmée, réservation et livraison à la ferme. Possibilité d'approvisionner la restauration collective.
 Ferme Menaubayle§§Bœuf,veau Blonde d'Aquitaine§3 Menaubayle 33210 BIEUJAC§06 81 51 97 44§cecile.goudeneche@orange.fr§§Cécile GOUDENECHE§§§Créon,Paillet,Langon§AB§vente à la ferme une fois par mois (sur commande) §§§
Ferme du Vigneron§§Légumes, miel§16 Avenue de la Bourrée 33350 St Magne de Castillon §06 22 73 61 90§§ §Guillaume DESPORT §§§§AB§vente à la ferme tous les samedis de 9h à 15h. Les autres jours : sur RDV §§§
La Poul ô Bio §§Volailles, palmipèdes gras, oeufs bio (en boîtes de 6 en plaques de 30)§Lieu dit NAUTY 33190 Noaillac §06 65 51 07 28§lapoulobio@outlook.fr §§Franceline Briolais §§§Biogustin, Bordeaux St augustin, Talence, Barsac§AB§vente à la ferme du mercredi au samedi de 15h00 à 19h00 §§§Magasin bio.
EARL Du Foin dans les bottes§§Fromages lactiques à différents stades d'affinage, fromage blanc, faisselle, yaourts§5 lieu dit créon 33620 Cubnezais§06 07 83 05 17§dufoindanslesbottes@gmail.com §§Sariah Monclin§§§AMAP des Chartron – Bordeaux,AMAP Saint-Genes – Bordeaux,AMAP Beutre,AMAP Culture Loc'Halles – Saint-Savin§AB§vente à la ferme du mercredi au samedi de 17h à 19h §§Saint André de Cubzac tous les samedis.§Magasin de producteurs Coop Paysanne Cenon / Camblane-et-Meynac.
Cultivateur de saveurs §§Aromates et vinaigres culinaires ,Bouquets frais, plants de plantes aromatiques, plants de légumes§La Couleyre 33720 Landiras §06 44 09 06 22,05 56 27 26 35§dima.b@hotmail.fr §https://www.cultivateur-de-saveurs.com/§Benoît DIMA §§Bienvenue à la ferme Drive fermier§AMAPlanète Blanquefort, AMAP pêche de vigne Léognan§AB§§§§Magasin de producteurs : La Compagnie Fermière Gradignan
§BRESOLIN DENIS§Kiwis, raisin§RIVIÈRE DE PRAT 33890 JUILLAC§§§§§§§§§§§§
SARL AGRICOLE DE FAMILLE S E V E§§Kiwis,raisin§L’ESCAROT 33890 JUILLAC§06 08 06 31 79 §c-pace@wanadoo.fr §https://biotoutcourt.com/sarl-agricole-de-famille-seve §§§§§§§§§
LA FRUITIERE§§Prunes§GARGUILLE 33890 GENSAC§§§§§§§§§§§§
§GUILLAUME-DENIEL et VIRGINIE KARINE ESTHER  §Compléments alimentaires destinés à l'alimentation humaine §12 RTE DE LA FOUGERE 24230 SAINT SEURIN DE PRATS §§§§GUILLAUME-DENIEL VIRGINIE KARINE ESTHER  §§§§§§§§
LE JARDIN DES SYLPHES§§Plantes à épices, aromatiques, plantes médicinales et pharmaceutiques,  fruits , vins§LE JARDIN DES SYLPHES 12 ROUTE DE LA FOUGÈRE 24230 SAINT SEURIN DE PRATS §§§§Damien Guillaume§§§§§§§§
FAVRETTO ALAIN§§Safran, olives, champignons§LIEU DIT LA BEDOUCE 33790 MASSUGAS§§§§Alain Favretto§§§§§§§§
§BERTRAND YVES§légumes§Lieu dit LE FOUGUEYRA 33350 FLAUJAGUES §§§§Yves Bertrand§§§§§§§§
§PAILLE Séverine§§MAGNAN 24230 MONTCARET§§§§Séverine Paille§§§§§§§§
SCEA DES VIGNOBLES JEAN CHEMINADE§§Raisin de table, vins§3 RUE DE BEYNAT 33350 SAINT MAGNE DE CASTILLON§§§§Jean Cheminade§§§§§§§§
§JACQUEMENT CHRISTIAN§fruits §32 RTE DE VILLEMARTIN 33350 MOULIETS ET VILLEMARTIN§§franclafleur@orange.fr §§Christian Jacquement§§§§§§§§
SOC EXPLOIT VIGNOBLES JEAN COSTE§§Fruits, légumes§BEAUSÉJOUR 33350 SAINT MAGNE DE CASTILLON §§§§§§§§§§§§
§SALVARELLI DENIS§Kiwis§TIVOLI 54 RTE MONUMENT TALBOT 24230 LAMOTHE MONTRAVEL §§§§Denis Salvarelli§§§§§§§§
LE BERGEY BIO§§prunes, pommes, raisin, plantes aromatiques§PASQUET FRÉDÉRIC LD PERINET33350 PUJOLS§§§§Audrey et Fredéric Pasquet§§§§AB§§§§
§MEYNARD CHRISTOPHE§Champignons§3 LIEU DIT LES ROCS DE JOANIN 33350 SAINT PHILIPPE D'AIGUILLE§§§§CHRISTOPHE Meynard§§§§AB§§§§
DE CARRIERE DE MONTVERT YVES§§Noix§LE MARAIS 24230 MONTCARET §§§§Yves de Montvert§§§§AB§§§§
§Cédric Streit§§§§§§§§§§§§§§
SCEA CHATEAU PUYGUEYRAUD§§kiwis§PUYGUEYRAUD 33570 SAINT CIBARD§§§§§§§§AB§§§§
§Apatie  Eric§Farine§100 BIS Avenue de liberation 33440 Ambares et la grave §§§§Eric Apatie§§§§AB en conversion§§§§
§Auriault Stephane§miel§1 lauliac 33540 blasimon §§§§§§§Bouyrricous§AB§§§§
Ferme de Metyly §§fromage, vins§6 lieu dit castelande 33540 Gornac §§§§Stéphane Auriault§§§§AB§§§§
Ecolieu de Cablan§§Fruits, sorbets§24240 Saussignac §06 03 76 99 33§cablanc@orange.fr §https://www.cablanc.com,https://www.facebook.com/Cablanc.fr/§§§§§AB§boutique Sur RDV à 17h §§§
LA Ferme de mon Père§§Farines, agneaux §24500 Fonroque §06 74 36 78 47§lafermedemonpere@hotmail.fr §§§§§§AB§vente à la ferme sur RDV §§§
§Marc Bonnier §Fromages de chèvre §24130 Bosset §05 53 80 12 63§francoise_bonnier@orange.fr §§Marc et Françoise Bonnier§§§§AB§vente à la ferme : lundi, mardi, jeudi et vendredi de 17:00 – 19:30§§§
Ferme de l’Etang §§Veau, bœuf  §24240 Sigoulès §06 12 66 80 68 §sherkane@free.fr §§§§§§AB§vente à la ferme sur RDV§§§
Les jardins de Bergerac§§Lègumes§24000 Bergerac§06 84 08 38 11 §sboudeville@hotmail.com§https://app.cagette.net/group/6410 §§§§§AB§§§§
Ferme des Nebouts §§Lègumes§24130 Prigonrieux §07 84 42 15 56 §fredericoget@hotmail.com §§§§§§AB§§§§
MARSEILLE Béatrice et Emmanuel §§Bières artisanales§24100 Bergerac§06 82 87 99 62 §emmanuel.marseille@orange.fr§§Béatrice et Emmanuel Marseille§§§§AB§§§§
§Bernard Anaïs Le Lac §Fruits et légumes§24140 Eyraud-Crempse-Maurens§07 88 49 98 87 §baseeconome@hotmail.fr §https://biodrivebergerac.fr §Bernard Anaïs Le Lac §§§§AB§vente à la ferme le mardi 09:00 - 12:00 Vendredi 12:00 – 15:00§§§
§Hervé Poirier §Miel, produits transformés §24400 Issac §06 84 44 28 38 §apyraine@gmail.com §§Hervé Poirier §§§§AB§vente à la ferme sur RDV§§§
Jardin d'Alyona §§Légumes§24700 Saint-Barthélémy-de-Bellegarde§06.29.26.49.99 §kukharuk.olena@laposte.net §§§§§§AB§vente à la ferme du lundi au vendredi de 8h à 18h§§§
§Thomas Huguin§Légumes et paniers sur RDV§24490 La Roche-Chalais §06 33 18 21 68§thomas.huguin@hotmail.fr §§Thomas Huguin§§§§AB§§§§
Ferme de Paufy §§Viande de boeuf §Lieu dit Paufy 24400 Saint gery §06 20 82 50 56§fermedepaufy@gmail.com vlversos24@gmail.com§http://fermedepaufy.com,https://fermedepaufy.com§§§§§AB en conversion§§§§
La Piraterie des Galinoux §§Légumes,Fruits,Herbes aromatiques§3 route des Galinoux 24100 Bergerac§06 70 44 46 14§Adressedallan@gmail.com§http://metaphysik.fr/LaPiraterie/,https://www.facebook.com/Les-Ateliers-Pirates-741786702890451/§§§§§AB,Agriculture durable,Permaculture §Drive ouvert 7j/7 24h/24:cabane d'échange sans contact §§§
Combrillac §§Vin,Herbes aromatiques§Impasse Coucombre, 24130 Prigonrieux§06 74 44 30 92§contact@combrillac.fr §https://www.combrillac.fr §§§§§Viticulteur bio ou biodynamie §Retrait de commande à la structure - Horaires Retrait de commandes : tous les jours entre 8h et 18h §§§
Douceur o naturel§§plantes aromatiques, plantes médicinales§33750 St Germain du Puch §§douceuronaturel@gmail.com §www.douceuronaturel.com,https://www.facebook.com/Douceur-%C3%B4-Naturel-961787737326806/§§§§Créon Entre 2 Mondes, cagette : la micro-épicerie du BREC§Agriculture naturelle,Agriculture durable,Permaculture §§§§
Conservatoire du goût §§Légumes §Chemin de la burthe à floirac, 33270 Floirac §§rachel.lagiere@hotmail.fr §https://www.facebook.com/conservatoiredugout§§§§§Agriculture biologique,Agriculture durable,Permaculture §§§§
§Danny Cayrau§lamproie, anguille, poisson de rivière§24230 Lamothe-Montravel§§§§§§§§§§§§
§BOUCHER Jaky§Petits fruits§33220 Port Ste Foy§06 81 95 94 60 §§§BOUCHER Jaky§§§Petit marché§Agriculture durable,Permaculture §§§§
Usine végétale : maraichers / brasseur§§Maraîchers et brasseurs§33230 Le Fieu§06 73 58 41 35§michael.briand@wanadoo.fr§§BRIAND Michaël§§§§§§§§
Les jardins de gastebois §§semences, champignons§§05 53 74 13 42§§§DUBIAU Jean Yves§§§§§§§§
§DUCLOS Didier et Virginie§Pommes, abricots, miel, jus de fruits§47120 Villeneuve-de-Duras§06 23 11 66 62§didierduclos@neuf.fr§§DUCLOS Didier et Virginie§§§panier foyen§§§§§
§ESTEVE Katia§prod de safran, légumes, plantes§24610 Villefranche-de-Lonchat§06 83 54 08 93§kat.est@free.fr §§ESTEVE Katia§§§§§§§§
§Alain Framarin§Lègumes Bio§47120 Duras§§framarin.alain@neuf.fr §§Alain Framarin§§§§§§§§
Kiwi du sud ouest coopérative§§Kiwis§33220 Port Ste Foy§05 53 58 89 22§secretariat.kso@orange.fr §§GAUTHERON Christophe§§§§§§§§
Fournil Montazeau§§Pain§LIEU DIT MERLANDIE 24230 Montazeau§06 89 20 63 06§§§GELLOT Olivier§§§§AB§§§§
Les saveurs romanaises  : Conserverie artisanale§§Conserves§33240 Saint-Romain-la-Virvée§06 70 31 41 79,05 56 57 83 71§contact@terreoshop.com §§GOBAIN Estelle  §§§§§§§§
§Michel hervé§Miel§24230 Saint-Antoine-de-Breuilh§ 06 03 53 53 40 §miselrv@orange.fr §https://fr-fr.facebook.com/pg/lesjardinsdelaprele/§Michel Hervé§§§Petit marché§§§§§
§LAFITTE Céline et DAUGERON Christophe§Fruits, légumes, confitures, plantes§24610 Saint-Martin-de-Gurson§06 70 71 93 31§otroll@gmail.com§§LAFITTE Céline et DAUGERON Christophe§§§§§§§§
La grange aux champignons §§(Pleurotes BIO, Shïtakés BIO§33220 Eynesse§06 70 71 93 31§fungi-production@gmx.fr§§LANAU Didier§§§§§§§§
§§§§§§§§§§§§§§§
Brasserie la NÒVÉ§§Bières artisanales§§06 82 87 99 62§brasserielanove@gmail.com§§§§§§§§§§
Chèvrerie des cornes brunes§§Fromage de chèvres§2 lieu dit champ de chez Thèves 33540 Saint-Martin-du-Puy§07 89 35 92 02 §cornesbrunes-johanna@orange.fr §https://www.facebook.com/Ch%C3%A8vrerie-des-Cornes-Brunes-2744070098997006/ §§§§Bouyrricous, drive fermier de : Arès,Arsac,La Réole§AB§§§§
Jardin de Maria & Nico§§§47120 Saint-Jean-de-Duras§05 53 83 03 69§mnspinar@orange.fr§§SPINAR Nicolas et Maria§§§DRIVE PAYS FOYEN§§§§§
Les Cochons De Cc§§Porcs élevés en liberté§2 La planeze, 33190 Loubens§06 03 29 72 24 §chassagnecedric@sfr.fr §§§§§§AB§§§§
La Spiruline De Julie§§Spiruline§Lieu dit LE FOUGUEYRA 33350 FLAUJAGUES §§contact@laspirulinedejulie.fr §§§§§Drive fermier: Artigues-près-Bordeaux,Arveyres,La Réole§Agriculture naturelle§§§§
Terr'a Safran§§Safran et produits dérivés§161 passage mathieu eyraud 33750 Nérigean §06 62 65 15 14§terrasafran@gmail.com §www.terrasafran.com  www.facebook.com/terrasafran/§§§§Drive fermier Artigues-près-Bordeaux,Arveyres,Marsas,Parempuyre§AB§§§§
bergerie de Daignac§§Fromages de brebis, viande d’agneau§Route de Curton Bourg Nord 33420 Daignac §§bergeriededaignac@orange.fr §§§§§§§§§§
Brasserie Distillerie du Cabestan§§vins, bières§9 lieu dit Mounet Sud, 33410 Sainte Croix du Mont §06 63 18 69 16§info@bdcabestan.com §https://www.bdcabestan.com/,https://www.facebook.com/lesbieresducabestan§§§§Créon : Ruche qui dit oui §AB en conversion§§§§Livraisons les mercredi et vendredi à 30km autour de Sainte Croix du Mont. Livraison 5€, franco à partir de 30€.
Pauline Air Farm§§Légumes§3 rue Banlin, 33310 lormont §06 67 86 36 27§visitealaferme@gmail.com §https://www.paulineairfarm.com/shop,https://onnenapasonainstagram.com§§§§Ruche qui dit oui : chartrons Balguerie, Caudéran, St Michel, Vivres de l'art, floirac, Pey Berland, Nandouty / St genès, Gare St Jean, Bordeaux bastide, My farmers §Agriculture durable §§§§
Le Cabestan ferme du pêcheur§§Produits de la rivière, lamproie§2 Route du Port de Peytor, 33350 Sainte-Terre §06 20 89 41 84,06 80 26 10 55§lecabestan-fermedupecheur@orange.fr §www.lamproie.fr § David et Sabine Durand§§§§Pêche traditionnelle§vente à la ferme du lundi au vendredi de 17h30 à 19h30 En journée, samedis, dimanches et jours fériés sur RDV Fermé en août §§§
Le Fournil Du Bousquet§§pain§6 grand rue33760 Targon §05 56 23 68 09§§§Florent Bertrand§§§§AB§livraisons à domicile§§§
Brasserie la louve grise§§Bières bio§1 avenue de Libourne 33870 Vayres §06 81 89 39 75§rampnoux.nicolas@gmail.com §http://www.lalouvegrise.com/ §§§§Drive fermiers d’Arsac,Artigues-près-Bordeaux, Arveyres, Saint-Christoly-de-Blaye §AB§§§§
Conserverie de la tour§§Soupes, sauces, coulis de fruits, confitures, compote §28 rue de la Tour33410 Cadillac §06 21 92 55 18§conserveriedelatour@gmail.com §§§§§§Bio, raisonné ou bio sans label §vente à la ferme du lundi au samedi : de 9h à 19h §§§
Savonnerie Lili Des Bois Jolis§§savons artisanaux, accessoires d’hygiène§13B RUE DANSEPERRE 33720 Virelade §07 66 33 89 73 §savonnerielilidesboisjolis@gmail.com §§§§§Drive fermier Saint-Christoly-de-Blaye §Bio sans label§§§§
CHATEAU FONTBAUDE à 3.83 Km§§Vins ROUGE : AOC CASTILLON COTES DE BORDEAUX, Vins Rosé : Bordeaux Rosé§34 rue de l'église 33350 SAINT MAGNE DE CASTILLON §06 86 00 68 79,05 57 40 06 58§chateau.fontbaude@wanadoo.fr §http://www.chateaufontbaude.com/ §Yannick  et Christian SABATE §§§§AB§vente à la ferme  du lundi au vendredi de 9h a 12h et de 14h a 18h, le samedi sur rendez vous §§§
SCEA La Bastane à 29.05 Km§§AOC Côtes de Bordeaux, Bordeaux blanc, rosé, Crémant rosé, Cadillac, jus de raisin pétillant bio §La Bastane 33410 RIONS §05 47 79 66 71,06 72 44 42 36§labastane@gmail.com §https://labastane.com/# §Bastien PESTOURIE §Table et chambres d’hôtes§§§AB   §vente à la ferme du lundi au dimanche de 9 h à 19 h §§§
Château Dudon à 33.4 Km§§§§§§§§§§§AB§§§§
Château de Chelivette à 33.27 Km§§Bordeaux Supérieur, Bordeaux Rosé, Bordeaux Clairet, Premières Côtes de Bordeaux §62 Rue François Boulière 33560 Saint-Eulalie §05 56 21 99 29§contact@chelivette.com§https://www.chelivette.com/ §Florence et Jacques BOREL §Hébergement et oenotourisme§§Amap St Loubes§AB Biodynamie§vente à la ferme les Jeudi et Vendredi de  10h à 12h et de 15h à 17h ou sur rendez-vous  §§§
Château Les Dauphins à 29.41 Km§§Bordeaux supérieur §35 route de Libourne 33450 St Loubès §06 61 04 45 96§alain-noel33@orange.fr §https://www.chateaulesdauphins.com/ §Alain Noel §§§La ruche qui dit oui§AB§vente à la ferme : à la demande§§§
Château Clos Séric à 6.39 Km§§Vins,Jus de raisins §1 Le Grand Mounicon 33350 Ruch §05 57 40 77 89,06 50 52 66 65§closseric@gmail.com §§Gilles NARDOU §§Magasin de producteurs au château§Marchés producteurs et nocturnes§AB§vente à la ferme tous les jours sur rendez-vous §§§
Château Fonroque à 11.45 Km§§Saint-Emilion Grand Cru Classé §33330 St-Emilion §05 57 24 60 02§info@chateaufonroque.com §http://chateaufonroque.net/ §Alain MOUEIX §§Bienvenue à la ferme§§AB§vente à la ferme du Lundi au Vendredi de 9h à 12h30 et de 14h à 17h§§§
Château Franc Baudron à 13.27 Km§§Montagne Saint Emilion Bio (sans soufre / non barriqué / boisé fondu / très boisé), Bordeaux Rouge Bio non barriqué,Bordeaux Blanc sec,Bordeaux rosé,Vin de France moelleux §1 impasse de Baudron 33570 MONTAGNE §05 57 74 62 65,06 79 81 41 96§franc.baudron@orange.fr §http://www.chateau-franc-baudron.com/ §Charles Foray §Hébergement Air BNB§§§AB§vente à la ferme du lundi au vendredi 9h12h/13h30-17h30 - samedi et dimanche sur rdv §§§
Chateau Picaron SCVE à 13.79 Km§§Propriété viticole certifiée Agriculture Biologique depuis 2010 nous proposons nos!vins blanc (bouteilles), rosé (bouteilles et bib 3l), rouge (bouteilles et bib 5l) appellation Bordeaux Bordeaux Supérieur et crémant de Bordeaux §1 lieu-dit les faures 33420 Moulon §06 12 23 44 33,06 18 25 61 08§§https://chateau-picaron.fr/boutique-en-ligne§Sébastien VEROUIL §§§AMAP : Saucats, AMAP : Leognan§AB§vente à la ferme du lundi au dimanche de 8h30 à 20h §§§
Château Vieux Mougnac à 16.48 Km§§Bordeaux rosé, Bordeaux blanc, Bordeaux Supérieur rouge,  Bordeaux Supérieur blanc§6 Mougnac 33570 Petit-Palais-et-Cornemps §06 11 80 55 06,05 57 69 72 85§vieuxmougnac@aol.com §https://www.vieuxmougnac.com/,https://chateauvieuxmougnac.plugwine.com/Vins§Sylvie MILHARD – BESSARD §Hébergement au Chateau§§AMAP de Pessac, AMAP Cauderanaise, Domaine de Fantaisie Caudéran§AB§§§§
Château du Champ du Moulin à 27.45 Km§§AOC Bordeaux rouge §Champ du Moulin 33190 FOSSES & BALEYSSAC §07 81 81 60 12,05 57 31 00 85§champdumoulin33@gmail.com §http://www.liessi.com/ §Michel Liessi§§§§AB§vente à la ferme tous les jours de 9h à 18h sauf le dimanche §§§
Vins Olivier Cazenave à 17.53 Km§§Vins de Pomerol, Vins de Saint-Emilion, Vins de Bordeaux §1 Malbâtit, 33500 Arveyres§05 24 24 69 96,06 63 09 75 82§contact@chateaudebel.com §https://chateaudebel.com/ §Olivier Cazenave §§§§AB§vente à la ferme : 8-12h/ 14-18h §Ruche qui dit oui et livraisons directes§§
Château la Guillaumette à 26.68 Km§§Bordeaux Supérieur (rouge), Bordeaux Supérieur Bio (rouge), Saint-Emilion, Saint-Emilion Grand Cru, Vins Entre-deux-Mers §21 route de créon 33370 Loupes §0556724893                       0607665839§b-artigue@wanadoo.fr§http://www.chateau-la-guillaumette.com/ §Geneviève et Bernard ARTIGUE §§Bienvenue à la ferme Drive fermier§§AB§vente à la ferme du Lundi au Samedi de 9h à 12h30 et de 15h à 19h§§§
Château Pourquey Gazeau à 19.55 Km§§BORDEAUX SUPÉRIEUR BLANC, BORDEAUX SUPÉRIEUR ROUGE §1 À Pourquey 33540 CASTELVIEL §05 56 61 95 55,06 16 18 58 88§fournisseur@chateau-pourquey-gazeau.com §http://www.chateau-pourquey-gazeau.com/§CYRIL FOUILHAC §§Bienvenue à la ferme Drive fermier§§AB§vente à la ferme  dU LUNDI AU SAMEDI DE 8H A 12H ET 14H A 20H§§§
Château l’Hosanne à 20.77 Km§§Graves de Vayres §124 Avenue de Libourne 33870 Vayres §05 57 74 70 55,06 88 70 44 01§chateaulhosanne@wanadoo.fr §§Bernard CHASTEL §§§§AB§vente à la ferme sur rendez-vous §§§
Château La Brande à 23.22 Km§§AOC Fronsac, AOC Bordeaux Supérieur Rouge, AOC Bordeaux Supérieur Rosé, AOC Bordeaux Supérieur Blanc, Crémant, Vins Certifiés BIO, Vins certifiés HVE §Lieu-dit La Brande 33141 Saillans §05 57 74 36 38,06 68 21 69 21§contact@chateau-labrande.fr §https://www.chateau-labrande.fr/ §Benoit SOULIES §§§§AB, HVE§vente à la ferme tous les jours de 8h à 12h et de 14h à 18h §§§
Château La Brande à 23.23 Km§§Vins Bordeaux (La production biologique est dans sa dernière année de conversion) , Vins Fronsac (La production biologique est dans sa dernière année de conversion) §Château la Brande 33141 Saillans §05 57 74 36 38,06 72 90 85 31§la.brande.saillans@wanadoo.fr §http://chateau-la-brande.com/ §Jean-Jacques BERAUD §§§§AB§vente à la ferme du Lundi au Vendredi de 8h à 18h (le week-end sur rendez-vous) §Maison des vins de Fronsac§§
Château de Lavison à 24.02 Km§§Bordeaux rouge, Bordeaux blanc, Bordeaux rosé, Crémant de Bordeaux §Château de Lavison 33190 Loubens §05 56 71 48 82,06 82 80 24 17§chateau.lavison@orange.fr §http://chateau-lavison.fr/ §Alexandra et Patrick MARTET §§Bienvenue à la ferme§§AB§vente à la ferme tous les jours de 9h à 12h et de 14h à 18h §§§
Domaine de la Vrille Têtue à 39.36 Km§§Bordeaux supérieur rouge, Bordeaux supérieur rosé, Bordeaux supérieur blanc sec, Vins produits avec méthodes traditionnelles, apéritif §50 Avenue Stephen Couperie 33440 St-Vincent-de-Paul §06 71 61 80 07§la.vrilletetue@orange.fr §http://www.vrilletetue-vinbio-paysan.fr/§Pascal BRANDEAU §§§§AB§§§§
Château Chillac à 24.29 Km§§ Vins de Bordeaux, Bordeaux supérieur Rouge, Bordeaux supérieur Blanc, Bordeaux supérieur Rosé, Vins Entre deux mers, Fine de Bordeaux, Jus de raisins, Vins sans sulfites ajoutés§Chillac 33190 MORIZES §06 86 44 48 71§lcassy@wanadoo.fr §§Laurent CASSY §§§§AB Biodynamie§vente à la ferme : Téléphoner auparavant §§§
Château Birecourt à 24.33 Km§§Vins de Bordeaux, Vin de France§4 bois Noir 33410 Mourens §05 56 61 95 88§sc.pueyo@orange.fr §§Christian PUEYO §§§Jardins de la Citadelle Paillet, Terres et sillons Bordeaux§AB§vente à la ferme : sur rendez-vous §§Créon  Le mercredi : 1er Mercredi du mois. Cadillac tous les samedis.§
Château de bouillerot à 25.37 Km§§Bordeaux (rouge et rosé), Côtes de Bordeaux Saint-Macaire, moelleux §8 lacombe 33190 Gironde-sur-Dropt §05 56 71 41 04,06 80 20 32 25§info@bouillerot.com §http://www.bouillerot.com/ §Thierry BOS §§Marché des producteurs de pays§§AB§vente à la ferme du Lundi au Samedi de 9h à 12h et de 14h à 18h §§§
Château Haut Roc à 25.71 Km§§Cadillac Liquoreux, Bordeaux Supérieur Rouge, Blanc sec Entre deux mers, Rosé, Vins Méthode traditionnelle (Bulles), Jus de raisin §Lieu-Dit La Boyé 33760 ARBIS §05 56 76 96 48,06 32 20 89 95§chateauhautroc@orange.fr§http://www.chateauhautroc.com/ §Gérald MASSIEU §§§§AB, biodynamie, vegan§vente à la ferme tous les jours sur rendrez-vous par SMS au 06 32 20 89 95 §§§
Château Brethous à 33.92 Km§§Cadillac, Côtes de Bordeaux ROUGE, Bordeaux CLAIRET §28 Chemin du jonc 33360 Camblanes et Meynac §05 56 20 77 76,06 85 73 09 23§chateaubrethous@gmail.com §https://www.brethous.com/,https://brethous.com/boutique/§Cécile MALLIE VERDIER §§§§AB§vente à la ferme de 9h à 19  et le dimanche sur rdv§Ruche qui dit oui §§
Château Rouaud à 26.57 Km§§Jus de Raisins, Bordeaux, St Macaire, Sauternes Méthode traditionnelle §17 grand rue 33490 Le Pian sur garonne§05 56 76 41 69,06 14 47 23 57§chateaurouaud.guignan@wanadoo.fr §https://www.chateaurouaud.fr/ §§§§§AB§vente à la ferme tous les jours§Foires, livraison §§
Vignobles Lopez§§Vins §1 Hermitage 33540 Saint-Martin-du-Puy §05 56 71 57 58§lopez@chateau-hermitage.com §https://www.chateau-hermitage.com/,https://www.facebook.com/vignobleslopez/§§§§§AB§vente à la ferme sur rdv§§§
Combrillac§§Vins, Herbes aromatiques §Impasse Coucombre 24130 Prigonrieux §06 74 44 30 92§contact@combrillac.fr §https://www.combrillac.fr §§§§§AB, biodynamie, permaculture§vente à la ferme : retrait des commandes tous les jours entre 8h et 18h §§§
Château l’Escarderie§§Vins §6 rue de Goffre 33240 Saint Germain de la Rivière §06 13 61 76 67§lescarderievins@orange.fr §www.lescarderievins.comwww.facebook.com/lescarderievins§§§§§AB§§§§
Les Jardins Du Faune§§Fruits, légumes, plants, miel§3 Lieu Dit les Faunes 33500 Arveyres §§lesjardinsdufaune@gmail.com§§Nathanaël Plesse§§§§AB§§§§
§Berbain Anne§Confitures de fleurs, plantes et fruits§La croix blanche 33570 Francs§06 28 07 03 74§anne.berbain@gmail.com§§Anne Berbain§§§Petit marché, Bouyrricous,Drive foyen§§§§§
Château Saint Brice   §§Vins §116, avenue du stade 33350 SAINT-MAGNE-DE-CASTILLON§05 57 40 20 54§chateausaintbrice@gmail.com §§MUSHKIN Romain §§§§§§§§
§PALLARO LAURENT  §Vins §28 AVENUE DU MOULIN ROUGE 33350 SAINT-MAGNE-DE-CASTILLON§05 57 84 63 92 §aumoulinrouge@bbox.fr §§Laurent Pallaro§§§§§§§§
Chateau Beynat§§Vins §23 BIS CHATEAU BEYNAT 33350 ST MAGNE DE CASTILLON§05 57 40 01 14§ mail@chateaubeynat.com §§BOYER ET TOURENNE NATHALIE ET ALAIN  §§§§§§§§
§BOUEIX Pascal §Vins §Lescaneaut 33350 Saint-Magne-de-Castillon§§ pascal@boueix.fr §§Pascal Boueix§§§§§§§§
Vignobles Cheminade§§Vins §3 RUE DE BEYNAT 33350 SAINT-MAGNE-DE-CASTILLON§05 57 40 21 28§ contact@vignoblescheminade.com §§CHEMINADE DOMINIQUE§§§§§§§§
GAEC FERRAZ§GAEC FERRAZ§Vins §LAFON 33570 PUISSEGUIN§05 57 40 66 81§gaec.ferraz@orange.fr §§FERRAZ OLIVIER  §§§§§§§§
Chateau Beauséjour§§Vins §TERRE BASSE 33570 PUISSEGUIN§05 57 40 65 99§Ade276@aol.com  ;chateau.beausejour@wanadoo.fr §§DUBUC MICHEL§§§§§§§§
Château Fongaban §§Vins §MONBADON 33570 PUISSEGUIN§05 57 74 54 07§fongaban@vignobles-taix.com §§§§§§§§§§
§ROBIN JEAN FRANCOIS   §Vins§CURAT 33570 PUISSEGUIN§05 57 74 51 06§arobin33350@gmail.com §§ROBIN JEAN FRANCOIS   §§§§§§§§
EARL Moritz  §§Vins§chateau guillotin 33570 Puisseguin§§lu.moritz@orange.fr §§§§§§§§§§
Chateau Rigaud§§Vins§CHATEAU RIGAUD 33570 PUISSEGUIN§05 57 74 54 07 §rigaud@vignobles-taix.com §§§§§§§§§§
§FOURNIER BERNARD§Vins§PRADE 33350 BELVES-DE-CASTILLON §05 57 47 96 46§§§FOURNIER BERNARD§§§§§§§§
§FOURNIER ALAIN §Vins§BALETTE 33350 BELVES-DE-CASTILLON §05 57 47 99 73§tourhautbalette@wanadoo.fr §§FOURNIER ALAIN §§§§§§§§
§VALETTE THIERRY§Vins§7 PUY ARNAUD 33350 BELVES-DE-CASTILLON§05 57 47 90 33§contact.cpa@orange.fr §§VALETTE THIERRY§§§§§§§§
SARL VIGNOBLES PRISSETTE §§Vins§1 MONTPEZAT 33350 Belvès-de-Castillon §05 57 40 07 31§vignoblesprissette@orange.fr §§§§§§§§§§
§Voogt Julien§Vins§3 bis Lieu-Dit Brandeau 33350 Les salles de Castillon§09 84 23 66 71§julienvoogt@hotmail.com §§Voogt Julien§§§§§§§§
Chateau Tertre Bel Air Dellac Bruno§§Vins§Granges 33350 Les-Salles-de-Castillon§05 57 40 65 78§vignoblesdellac@gmail.com §§Dellac Bruno§§§§§§§§
GFA MORO §§Vins§8 LE PIN 33350 LES-SALLES-DE-CASTILLON§05 57 40 63 49§moro-regis@wanadoo.fr §§MORO Régis et Sébastien§§§§§§§§
CHATEAU DE CHAINCHON§§Vins§CHATEAU DE CHAINCHON 33350 CASTILLON-LA-BATAILLE§05 57 40 14 78§chainchon@wanadoo.fr §§ERESUE PATRICK §§§§§§§§
Vignobles Faytout§§Vins§3 Horable 33350 Castillon-la-Bataille§05 57 40 04 98§vignoblesfaytout@hotmail.fr §§FAYTOUT Pierre§§§§§§§§
Chateau Alba§§Vins§4 Grimon 33350 Saint-Philippe-d'Aiguilhe§§chateau.alba@free.fr §§MEYRIGNAC Patrick§§§§§§§§
§FAUX Jean-Marie & Gilberte§Vins§Camp de La Hire 33350 Saint-Philippe-d'Aiguilhe§05 57 40 61 57§gjmfaux@aol.com§§FAUX Jean-Marie & Gilberte§§§§§§§§
SCEA VIGNOBLES JEAN MARIE CARRILLE §§Vins§CHATEAU POUPILLE 33350 SAINTE-COLOMBE§05 57 74 43 03§jmcarrille@orange.fr §§jean Marie Carille§§§§§§§§
Chateau Lapeyronie§§Vins§9 zélatte 33350 GARDEGAN ET TOURTIRAC§05 57 40 19 27§chateaulapeyronie@hotmail.fr §§LAPEYRONIE Jean- Frédéric §§§§§§§§
La tour de Montbrun§§Vins§24230 Montbrun Montcarret§ 05 53 58 66 93 §philippe.poivey@wanadoo.fr §https://www.facebook.com/tourmontbrun/ §Philippe Poivey§§§§§§§§
ADN agricole SAS§§Goji§37 bis avenue Clémenceau 33220 Pineuilh§06 62 85 97 33 §§www.adn-agricole.fr§Bertrand Bernardi§§§§§§§§
Vallon de Guerry§§Viande veau§47120 Sainte Colombe de Duras§06 88 99 61 70,05 53 83 07 93§§www.vallondeguerry.com§Céline et Philippe Faucheux§§§Bouyrricous§§§§§
§Andron Lucie §Légumes§33420 Naujan et Postiac§§lucieandron@yahoo.fr§§Lucie Andron§§§§§§§§
§Cokelaer Patrick§Légumes§33670 Blésignac§§patrickcokelaer@gmail.com§§Cokelaer Patrick§§§§§§§§
§Valérie Friedman§Lègumes§33760 Targon§§friedman.valerie@orange.fr§§Valérie Friedman§§§§§§§§
§Jonathan Serre§Lègumes§33670 La Sauve Majeure§§jo.serre@wanadoo.fr§§Jonathan Serre§§§§§§§§
§Laserre Claire§Lègumes§33670 Saint-Gènes-de-Lombaud§§claire@selectioncc.com§§Laserre Claire§§§§§§§§
Les jardins du bionheur§§Lègumes§33760 Targon§§contact@lesjardinsdubionheur.fr§§Véronique Descours§§§§§§§§
§Esclaffer Pascal§Lègumes,fruits rouges§33220 Pineuilh§§pascal.esclaffer@yahoo.fr§§Esclaffer Pascal§§§§§§§§
§Bonnaud Michael§Viande§Capian§§michael.bonnaud@laposte.net§§Bonnaud Michael§§§§§§§§
§Besson Mathieu§Lègumes§24700 Le Pizou§§mathieubesson@hotmail.fr§§Besson Mathieu§§§§§§§§
§Devaux Olivier§Lègumes§19340 Eygurande§§haevi16@hotmail.com§§Devaux Olivier§§§§§§§§
§Reclus Emmanuel§§24130 Ginestet§§contact@eden-et-sens.com§§Reclus Emmanuel§§§§§§§§
Ferme de la Bessède§§§24700 Montpon Menestérol§§bessede@laposte.net§§§§§§§§§§
§Paillé Alain§§24230 Lamothe Montravel§§picou@lvds.biz§§Paillé Alain§§§§§§§§
§Dubiau Jean Marc§§24130 Saint Pierre d’Eyraud§§dubiau@free.fr§§Dubiau Jean Marc§§§§§§§§
§Dargere Patrick§§33410 Sainte Croix Monestier§§patrick.dargere@gmail.com§§Dargere Patrick§§§§§§§§
§Anne Laure§Pains, Patisseries§§§annelaure2433@gmail.com§§§§§Petit marché§§§§§
§Dupébé Bernard§fruits §33190 Camiran§§sceaboutau@wanadoo.fr§§Dupébé Bernard§§§§§§§§
§Fournier Yannick§§33420 Saint Jean de Blaignac§§§§Fournier Yannick§§§§§§§§
§Pascal Lacuentre§Viandes§33910 Saint Martin de Laye§§§§Pascal Lacuentre§§§§§§§§
§Jean Paul Gillard§Lègumes§24230 Lamothe Montravel§§jeanpaulgillard@orange.fr§§Jean Paul Gillard§§§§§§§§
§VALETTE EMMANUEL§§62 RUE EMMANUEL ROY 33420 BRANNE§05 57 84 50 95§faure.aline0252@orange.fr§§VALETTE EMMANUEL§§§§§§§§
§Blanc Pierre Emmanuel§kiwis§PORT DE LAMOTHE 33350 FLAUJAGUES§§bernard.blanc52@wanadoo.fr §§Blanc Pierre Emmanuel§§§§§§§§
§Laure Mure§§5 le Fougueyrat 33350 Flaujagues§§lauremure@yahoo.fr §§Laure Mure§§§§§§§§
UDP Juillac et Flaujagues§§vins§LES GUINOTS 33350 FLAUJAGUES§§cave.flaujagues@wanadoo.fr §§§§§§§§§§
§PRESOTO Lionel§§1 cote de malacousse 33350 FLAUJAGUES§06 63 13 59 89§lionel.presotto@laposte.net §§PRESOTO Lionel§§§§§§§§
§PALÉZIS PHILIPPE et ROBERT§§50 route de castillon, piquesègue 33350 MOULIETS ET VILLEMARTIN§§remypalezis@free.fr §§PALÉZIS PHILIPPE, ROBERT§§§§§§§§
§JEAN-JEAN David §§20 route de roques 33350 mouliets-et-villemartin§§francine.marchioro@aliceadsl.fr §§JEAN-JEAN David §§§§§§§§
SCEA VIGNOBLES MOMBOUCHER TABOUY §§vins§13 Les Bouygues 33350 MOULIETS-ET-VILLEMARTIN §05 57 40 72  47§calipsojp@free.fr §§§§§§§§§§
MOMBOUCHER CEDRIC §§§13 ROUTE DES BOUYGUES 33350 MOULIETS-ET-VILLEMARTIN§05 57 40 79 62§sephseret@hotmail.fr §§MOMBOUCHER CEDRIC §§§§§§§§
§TERRAL FRANCK§§Lieu-dit PEYRONNIN 33350 PUJOLS §05 57 40 79 34§moulindepeyronin@yahoo.fr §§TERRAL FRANCK§§§§§§§§
§COUDERC CHRISTIAN§vins§CHIVALEY 33350 PUJOLS§05 57 40 52 45§§§COUDERC CHRISTIAN§§§§§§§§
§ROUGIER JEAN-LOUIS §§11 LE BOURG 33350 MERIGNAS§05 57 84 10 35§lablanquerie@wanadoo.fr §§ROUGIER JEAN-LOUIS §§§§§§§§
§PONT François§§Lieu dit Bellevue 33350 MERIGNAS§05 57 84 06 27§francoispont@wanadoo.fr §§PONT François§§§§§§§§
§PONT CHRISTOPHE §§CHATEAU VAL BEYLIE 33350 MERIGNAS §06 77 77 2 1 58§valbeylie@free.fr §§PONT CHRISTOPHE §§§§§§§§
EARL la Blanquerie§§§11 LE BOURG 33350 MERIGNAS§05 57 84 10 35§ablanquerie@wanadoo.fr §§ROUGIER JEAN-LOUIS §§§§§§§§
Chateau de Claribes §§§Chateau de Claribes 33890 Gensac §05 57 40 50 75§nick.kinder@claribes.com §§KINDER Nicholas§§§§§§§§
 SAS MONTCALM§§§Route de Sainte Foy 33790 PELLEGRUE§ 05 56 61 50 60§§§§§§§§§§§
§MUTSAARS MARC§§LE PIN 33420 ST AUBIN DE BRANNE§05 57 51 75 46§rvinchent@yahoo.fr §§MUTSAARS MARC§§§§§§§§
§CANTE JEAN-BAPTISTE §§1 la plante 33420 ST AUBIN DE BRANNE§§brespey@gmail.com §§CANTE JEAN-BAPTISTE §§§§§§§§
§MEIJER STEVEN §§9 ROQUEBLANQUE 33420 SAINT-AUBIN-DE-BRANNE§§steven.meijer@me.com§§MEIJER STEVEN §§§§§§§§
SARL AOD Wine §§§1 Martineau 33350 Pujols§§aodwine@yahoo.fr §§§§§§§§§§
§Vincent BOISSERIE§§24120 LACASSAGNE §05 53 51 99 02§§§Vincent BOISSERIE§§§§§§§§
Chateau la Roberterie§§§3890 JUILLAC§§roberterie@wanadoo.fr §§§§§§§§§§
SARL SEVE§§§l'escarot 33890 juillac§§c-pace@wanadoo.fr §§§§§§§§§§
NOYERAIE MONTBRETON §§§MONTBRETON 33890 PESSAC-SUR-DORDOGNE§05 57 47 49 72§jlequerec@gmail.com §§LE QUEREC JOSEPHINE §§§§§§§§
CHATEAU JEAN FAUX §§§33350 SAINTE RADEGONDE §05 57 40 03 85§info@provin-sa.com §§TAUZIA HERVE§§§§§§§§
§JUSTO MARINE§§LIEU DIT POUROUTOU 33350 SAINTE RADEGONDE§§marinebla@msn.com §§JUSTO MARINE§§§§§§§§
§SORBIER YOANN §§1 GIRON 33350 RUCH§§yoann.sorbier@bbox.fr §§SORBIER YOANN §§§§§§§§
§NARDOU Gilles §§1 le grand mounicon 33350 RUCH§05 57 40 77 89§closseric@gmail.com §§NARDOU Gilles §§§§§§§§
SAUVALE COMPAGNIE§SAUVALE COMPAGNIE§§Domaine de perrotin 33350 Saint-pey-de-castets§§nestorbio@orange.fr §§SAUVALE COMPAGNIE§§§§§§§§
AUDUREAU PATRICK §AUDUREAU PATRICK §§2 CHEMIN RAPIN 33350 ST PEY DE CASTETS §05 57 40 71 58§patrick.audureau8@gmail.com §§AUDUREAU PATRICK §§§§§§§§
la dame blanche§§§26 route du Périgord Pourpre 24230 Montcarret§§sceadeladameblanche@gmail.com §http://la-gazette-de-la-dame-blanche.eklablog.com §§§§§Sans pesticides non labellisé§§§§
§§§§§§§§§§§§§§§
§§§§§§§§§§§§§§§
§§§§§§§§§§§§§§§
§§§§§§§§§§§§§§§
§§§§§§§§§§§§§§§
§§§§§§§§§§§§§§§
§§§§§§§§§§§§§§§
§§§§§§§§§§§§§§§
§§§§§§§§§§§§§§§
§§§§§§§§§§§§§§§
§§§§§§§§§§§§§§§
§§§§§§§§§§§§§§§
§§§§§§§§§§§§§§§
§§§§§§§§§§§§§§§
§§§§§§§§§§§§§§§
§§§§§§§§§§§§§§§
§§§§§§§§§§§§§§§
§§§§§§§§§§§§§§§
§§§§§§§§§§§§§§§
§§§§§§§§§§§§§§§
§§§§§§§§§§§§§§§
§§§§§§§§§§§§§§§
§§§§§§§§§§§§§§§
§§§§§§§§§§§§§§§
§§§§§§§§§§§§§§§
§§§§§§§§§§§§§§§
§§§§§§§§§§§§§§§
§§§§§§§§§§§§§§§
§§§§§§§§§§§§§§§
§§§§§§§§§§§§§§§
§§§§§§§§§§§§§§§
§§§§§§§§§§§§§§§
§§§§§§§§§§§§§§§
§§§§§§§§§§§§§§§
§§§§§§§§§§§§§§§
§§§§§§§§§§§§§§§
§§§§§§§§§§§§§§§
§§§§§§§§§§§§§§§
§§§§§§§§§§§§§§§
§§§§§§§§§§§§§§§
§§§§§§§§§§§§§§§
§§§§§§§§§§§§§§§
§§§§§§§§§§§§§§§
§§§§§§§§§§§§§§§
§§§§§§§§§§§§§§§
§§§§§§§§§§§§§§§
§§§§§§§§§§§§§§§
§§§§§§§§§§§§§§§
§§§§§§§§§§§§§§§
§§§§§§§§§§§§§§§
§§§§§§§§§§§§§§§
§§§§§§§§§§§§§§§
§§§§§§§§§§§§§§§
§§§§§§§§§§§§§§§
§§§§§§§§§§§§§§§
§§§§§§§§§§§§§§§
§§§§§§§§§§§§§§§
§§§§§§§§§§§§§§§
§§§§§§§§§§§§§§§
§§§§§§§§§§§§§§§
§§§§§§§§§§§§§§§
§§§§§§§§§§§§§§§
§§§§§§§§§§§§§§§
§§§§§§§§§§§§§§§
§§§§§§§§§§§§§§§
§§§§§§§§§§§§§§§
§§§§§§§§§§§§§§§
§§§§§§§§§§§§§§§
§§§§§§§§§§§§§§§
§§§§§§§§§§§§§§§
§§§§§§§§§§§§§§§
§§§§§§§§§§§§§§§
§§§§§§§§§§§§§§§
§§§§§§§§§§§§§§§
§§§§§§§§§§§§§§§
§§§§§§§§§§§§§§§
§§§§§§§§§§§§§§§
§§§§§§§§§§§§§§§
§§§§§§§§§§§§§§§
§§§§§§§§§§§§§§§
§§§§§§§§§§§§§§§
§§§§§§§§§§§§§§§
§§§§§§§§§§§§§§§
§§§§§§§§§§§§§§§
§§§§§§§§§§§§§§§
§§§§§§§§§§§§§§§
§§§§§§§§§§§§§§§
§§§§§§§§§§§§§§§
§§§§§§§§§§§§§§§
§§§§§§§§§§§§§§§
§§§§§§§§§§§§§§§
§§§§§§§§§§§§§§§
§§§§§§§§§§§§§§§
§§§§§§§§§§§§§§§
§§§§§§§§§§§§§§§
§§§§§§§§§§§iodynamiques§§§§
§§§§§§§§§§§§§§§
§§§§§§§§§§§§§§§
§§§§§§§§§§§§§§§
§§§§§§§§§§§§§§§
§§§§§§§§§§§§§§§
§§§§§§§§§§§§§§§
§§§§§§§§§§§§§§§
§§§§§§§§§§§§§§§
§§§§§§§§§§§§§§§
§§§§§§§§§§§§§§§
§§§§§§§§§§§§§§§
§§§§§§§§§§§§§§§
§§§§§§§§§§§§§§§
§§§§§§§§§§§§§§§
§§§§§§§§§§§§§§§
§§§§§§§§§§§§§§§
§§§§§§§§§§§§§§§
§§§§§§§§§§§§§§§
§§§§§§§§§§§§§§§
§§§§§§§§§§§§§§§
§§§§§§§§§§§§§§§
§§§§§§§§§§§§§§§
§§§§§§§§§§§§§§§
§§§§§§§§§§§§§§§
§§§§§§§§§§§§§§§
§§§§§§§§§§§§§§§
§§§§§§§§§§§§§§§
§§§§§§§§§§§§§§§
§§§§§§§§§§§§§§§
§§§§§§§§§§§§§§§
§§§§§§§§§§§§§§§
§§§§§§§§§§§§§§§
§§§§§§§§§§§§§§§
§§§§§§§§§§§§§§§
§§§§§§§§§§§§§§§
§§§§§§§§§§§§§§§
§§§§§§§§§§§§§§§
§§§§§§§§§§§§§§§
§§§§§§§§§§§§§§§
§§§§§§§§§§§§§§§
§§§§§§§§§§§§§§§
§§§§§§§§§§§§§§§
§§§§§§§§§§§§§§§
§§§§§§§§§§§§§§§
§§§§§§§§§§§§§§§
§§§§§§§§§§§§§§§
§§§§§§§§§§§§§§§
§§§§§§§§§§§§§§§
§§§§§§§§§§§§§§§
§§§§§§§§§§§§§§§
§§§§§§§§§§§§§§§
§§§§§§§§§§§§§§§
§§§§§§§§§§§§§§§
§§§§§§§§§§§§§§§
§§§§§§§§§§§§§§§
§§§§§§§§§§§§§§§
§§§§§§§§§§§§§§§
§§§§§§§§§§§§§§§
§§§§§§§§§§§§§§§
§§§§§§§§§§§§§§§
§§§§§§§§§§§§§§§
§§§§§§§§§§§§§§§
§§§§§§§§§§§§§§§
§§§§§§§§§§§§§§§
§§§§§§§§§§§§§§§
§§§§§§§§§§§§§§§
§§§§§§§§§§§§§§§
§§§§§§§§§§§§§§§
§§§§§§§§§§§§§§§
§§§§§§§§§§§§§§§
§§§§§§§§§§§§§§§
§§§§§§§§§§§§§§§
§§§§§§§§§§§§§§§
§§§§§§§§§§§§§§§
§§§§§§§§§§§§§§§
§§§§§§§§§§§§§§§
§§§§§§§§§§§§§§§
§§§§§§§§§§§§§§§
§§§§§§§§§§§§§§§
§§§§§§§§§§§§§§§
§§§§§§§§§§§§§§§
§§§§§§§§§§§§§§§
§§§§§§§§§§§§§§§
§§§§§§§§§§§§§§§
§§§§§§§§§§§§§§§
§§§§§§§§§§§§§§§
§§§§§§§§§§§§§§§
§§§§§§§§§§§§§§§
§§§§§§§§§§§§§§§
§§§§§§§§§§§§§§§
§§§§§§§§§§§§§§§
§§§§§§§§§§§§§§§
§§§§§§§§§§§§§§§
§§§§§§§§§§§§§§§
§§§§§§§§§§§§§§§
§§§§§§§§§§§§§§§
§§§§§§§§§§§§§§§
§§§§§§§§§§§§§§§
§§§§§§§§§§§§§§§
§§§§§§§§§§§§§§§
§§§§§§§§§§§§§§§
§§§§§§§§§§§§§§§
§§§§§§§§§§§§§§§
§§§§§§§§§§§§§§§
§§§§§§§§§§§§§§§
§§§§§§§§§§§§§§§
§§§§§§§§§§§§§§§
§§§§§§§§§§§§§§§
§§§§§§§§§§§§§§§
§§§§§§§§§§§§§§§
§§§§§§§§§§§§§§§
§§§§§§§§§§§§§§§
§§§§§§§§§§§§§§§
§§§§§§§§§§§§§§§
§§§§§§§§§§§§§§§
§§§§§§§§§§§§§§§
§§§§§§§§§§§§§§§
§§§§§§§§§§§§§§§
§§§§§§§§§§§§S§§§
