Abzac§33001§33230§Libourne§Le Nord-Libournais§CA du Libournais§13,44§1 949 (2018)§145
Aillas§33002§33124§Langon§Le Réolais et Les Bastides§CC du Réolais en Sud Gironde§35,13§830 (2018)§24
Ambarès-et-Lagrave§33003§33440§Bordeaux§La Presqu'île§Bordeaux Métropole§24,76§16 563 (2018)§669
Ambès§33004§33810§Bordeaux§La Presqu'île§Bordeaux Métropole§28,85§3 070 (2018)§106
Andernos-les-Bains§33005§33510§Arcachon§Andernos-les-Bains§CA du Bassin d'Arcachon Nord§20,01§12 096 (2018)§604
Anglade§33006§33390§Blaye§L'Estuaire§CC de l'Estuaire§13,82§935 (2018)§68
Arbanats§33007§33640§Langon§Les Landes des Graves§CC Convergence Garonne§7,6§1 311 (2018)§173
Arcachon§33009§33120§Arcachon§La Teste-de-Buch§CA Bassin d'Arcachon Sud-Pôle Atlantique§7,56§11 567 (2018)§1530
Arcins§33010§33460§Lesparre-Médoc§Le Sud-Médoc§CC Médoc Estuaire§6,77§509 (2018)§75
Arès§33011§33740§Arcachon§Andernos-les-Bains§CA du Bassin d'Arcachon Nord§48,25§6 349 (2018)§132
Arsac§33012§33460§Lesparre-Médoc§Le Sud-Médoc§CC Médoc Estuaire§32,6§3 634 (2018)§111
Artigues-près-Bordeaux§33013§33370§Bordeaux§Lormont§Bordeaux Métropole§7,28§8 648 (2018)§1188
Arveyres§33015§33500§Libourne§Le Libournais-Fronsadais§CA du Libournais§17,27§1 983 (2018)§115
Asques§33016§33240§Libourne§Le Libournais-Fronsadais§CC du Fronsadais§6,28§451 (2018)§72
Aubiac§33017§33430§Langon§Le Sud-Gironde§CC du Bazadais§5,62§270 (2018)§48
Audenge§33019§33980§Arcachon§Andernos-les-Bains§CA du Bassin d'Arcachon Nord§82,09§8 336 (2018)§102
Auriolles§33020§33790§Langon§Le Réolais et Les Bastides§CC du pays Foyen§7,03§142 (2018)§20
Auros§33021§33124§Langon§Le Réolais et Les Bastides§CC du Réolais en Sud Gironde§15,32§1 025 (2018)§67
Avensan§33022§33480§Lesparre-Médoc§Le Sud-Médoc§CC Médullienne§52,24§3 003 (2018)§57
Ayguemorte-les-Graves§33023§33640§Bordeaux§La Brède§CC de Montesquieu§6,33§1 294 (2018)§204
Bagas§33024§33190§Langon§Le Réolais et Les Bastides§CC du Réolais en Sud Gironde§3,63§297 (2018)§82
Baigneaux§33025§33760§Langon§L'Entre-Deux-Mers§CC rurales de l'Entre-Deux-Mers§7,93§446 (2018)§56
Balizac§33026§33730§Langon§Les Landes des Graves§CC du Sud Gironde§41,78§501 (2018)§12
Barie§33027§33190§Langon§Le Réolais et Les Bastides§CC du Réolais en Sud Gironde§5,33§292 (2018)§55
Baron§33028§33750§Libourne§Les Coteaux de Dordogne§CC du Créonnais§10,34§1 164 (2018)§113
Barsac§33030§33720§Langon§Les Landes des Graves§CC Convergence Garonne§14,48§2 067 (2018)§143
Bassanne§33031§33190§Langon§Le Réolais et Les Bastides§CC du Réolais en Sud Gironde§2,54§125 (2018)§49
Bassens§33032§33530§Bordeaux§Lormont§Bordeaux Métropole§10,28§7 404 (2018)§720
Baurech§33033§33880§Bordeaux§Créon§CC des portes de l'Entre-deux-Mers§7,68§898 (2018)§117
Bayas§33034§33230§Libourne§Le Nord-Libournais§CA du Libournais§10,82§457 (2018)§42
Bayon-sur-Gironde§33035§33710§Blaye§L'Estuaire§CC de Blaye§5,7§713 (2018)§125
Bazas§33036§33430§Langon§Le Sud-Gironde§CC du Bazadais§37,29§4 798 (2018)§129
Beautiran§33037§33640§Bordeaux§La Brède§CC de Montesquieu§6,35§2 301 (2018)§362
Bégadan§33038§33340§Lesparre-Médoc§Le Nord-Médoc§CC Médoc Cœur de Presqu'île§22,15§912 (2018)§41
Bègles§33039§33130§Bordeaux§Talence§§§§
Villenave-d'Ornon§Bordeaux Métropole§9,96§29 669 (2018)§2979§§§§
Béguey§33040§33410§Langon§L'Entre-Deux-Mers§CC Convergence Garonne§3,16§1 194 (2018)§378
Belin-Béliet§33042§33830§Arcachon§Les Landes des Graves§CC du Val de l'Eyre§156,03§5 633 (2018)§36
Bellebat§33043§33760§Langon§L'Entre-Deux-Mers§CC rurales de l'Entre-Deux-Mers§4,87§269 (2018)§55
Bellefond§33044§33760§Langon§L'Entre-Deux-Mers§CC rurales de l'Entre-Deux-Mers§3,19§223 (2018)§70
Belvès-de-Castillon§33045§33350§Libourne§Les Coteaux de Dordogne§CC du Grand Saint-Émilionnais§6,61§332 (2018)§50
Bernos-Beaulac§33046§33430§Langon§Le Sud-Gironde§CC du Bazadais§36,8§1 114 (2018)§30
Berson§33047§33390§Blaye§L'Estuaire§CC de Blaye§17,98§1 807 (2018)§101
Berthez§33048§33124§Langon§Le Réolais et Les Bastides§CC du Réolais en Sud Gironde§6,03§260 (2018)§43
Beychac-et-Caillau§33049§33750§Bordeaux§La Presqu'île§CC du Secteur de Saint-Loubès§15,62§2 268 (2018)§145
Bieujac§33050§33210§Langon§Le Sud-Gironde§CC du Sud Gironde§6,97§629 (2018)§90
Biganos§33051§33380§Arcachon§Andernos-les-Bains§CA du Bassin d'Arcachon Nord§52,73§10 921 (2018)§207
Birac§33053§33430§Langon§Le Sud-Gironde§CC du Bazadais§10,17§230 (2018)§23
Blaignac§33054§33190§Langon§Le Réolais et Les Bastides§CC du Réolais en Sud Gironde§3,18§287 (2018)§90
Blaignan-Prignac§33055§33340§Lesparre-Médoc§Le Nord-Médoc§CC Médoc Cœur de Presqu'île§14,18§466 (2018)§33
Blanquefort§33056§33290§Bordeaux§Les Portes du Médoc§Bordeaux Métropole§33,72§15 510 (2018)§460
Blasimon§33057§33540§Langon§Le Réolais et Les Bastides§CC rurales de l'Entre-Deux-Mers§29,76§906 (2018)§30
Blaye§33058§33390§Blaye§L'Estuaire§CC de Blaye§6,42§4 821 (2018)§751
Blésignac§33059§33670§Bordeaux§L'Entre-Deux-Mers§CC du Créonnais§2,5§301 (2018)§120
Bommes§33060§33210§Langon§Le Sud-Gironde§CC du Sud Gironde§5,8§460 (2018)§79
Bonnetan§33061§33370§Bordeaux§Créon§CC des Coteaux Bordelais§4,29§968 (2018)§226
Bonzac§33062§33910§Libourne§Le Nord-Libournais§CA du Libournais§7,49§745 (2018)§99
Bossugan§33064§33350§Libourne§Les Coteaux de Dordogne§CC Castillon Pujols§2,42§39 (2018)§16
Bouliac§33065§33270§Bordeaux§Cenon§Bordeaux Métropole§7,48§3 662 (2018)§490
Bourdelles§33066§33190§Langon§Le Réolais et Les Bastides§CC du Réolais en Sud Gironde§7,06§90 (2018)§13
Bourg§33067§33710§Blaye§L'Estuaire§CC du Grand Cubzaguais§10,54§2 259 (2018)§214
Bourideys§33068§33113§Langon§Le Sud-Gironde§CC du Sud Gironde§48,44§86 (2018)§1,8
Brach§33070§33480§Lesparre-Médoc§Le Sud-Médoc§CC Médullienne§28,61§744 (2018)§26
Branne§33071§33420§Libourne§Les Coteaux de Dordogne§CC Castillon Pujols§2,41§1 298 (2018)§539
Brannens§33072§33124§Langon§Le Réolais et Les Bastides§CC du Réolais en Sud Gironde§6,04§242 (2018)§40
Braud-et-Saint-Louis§33073§33820§Blaye§L'Estuaire§CC de l'Estuaire§49,24§1 570 (2018)§32
Brouqueyran§33074§33124§Langon§Le Réolais et Les Bastides§CC du Réolais en Sud Gironde§5,66§198 (2018)§35
Bruges§33075§33520§Bordeaux§Le Bouscat§Bordeaux Métropole§14,22§18 316 (2018)§1288
Budos§33076§33720§Langon§Les Landes des Graves§CC Convergence Garonne§21,1§797 (2018)§38
Cabanac-et-Villagrains§33077§33650§Bordeaux§La Brède§CC de Montesquieu§69§2 416 (2018)§35
Cabara§33078§33420§Libourne§Les Coteaux de Dordogne§CC Castillon Pujols§3,42§510 (2018)§149
Cadarsac§33079§33750§Libourne§Le Libournais-Fronsadais§CA du Libournais§2,28§357 (2018)§157
Cadaujac§33080§33140§Bordeaux§La Brède§CC de Montesquieu§15,33§6 217 (2018)§406
Cadillac§33081§33410§Langon§L'Entre-Deux-Mers§CC Convergence Garonne§5,44§2 818 (2018)§518
Cadillac-en-Fronsadais§33082§33240§Libourne§Le Libournais-Fronsadais§CC du Fronsadais§3,81§1 277 (2018)§335
Camarsac§33083§33750§Bordeaux§Créon§CC des Coteaux Bordelais§5,35§1 010 (2018)§189
Cambes§33084§33880§Bordeaux§Créon§CC des portes de l'Entre-deux-Mers§5,34§1 681 (2018)§315
Camblanes-et-Meynac§33085§33360§Bordeaux§Créon§CC des portes de l'Entre-deux-Mers§8,68§2 915 (2018)§336
Camiac-et-Saint-Denis§33086§33420§Libourne§Les Coteaux de Dordogne§CC du Créonnais§6,6§362 (2018)§55
Camiran§33087§33190§Langon§Le Réolais et Les Bastides§CC du Réolais en Sud Gironde§5,8§413 (2018)§71
Camps-sur-l'Isle§33088§33660§Libourne§Le Nord-Libournais§CA du Libournais§3,02§601 (2018)§199
Campugnan§33089§33390§Blaye§L'Estuaire§CC de Blaye§6,23§501 (2018)§80
Canéjan§33090§33610§Bordeaux§Pessac-1§CC Jalle-Eau-Bourde§12§5 860 (2018)§488
Capian§33093§33550§Langon§L'Entre-Deux-Mers§CC du Créonnais§18,23§737 (2018)§40
Caplong§33094§33220§Libourne§Le Réolais et Les Bastides§CC du pays Foyen§9,27§223 (2018)§24
Captieux§33095§33840§Langon§Le Sud-Gironde§CC du Bazadais§119,33§1 287 (2018)§11
Carbon-Blanc§33096§33560§Bordeaux§La Presqu'île§Bordeaux Métropole§3,86§8 172 (2018)§2117
Carcans§33097§33121§Lesparre-Médoc§Le Sud-Médoc§CC Médoc Atlantique§175,4§2 415 (2018)§14
Cardan§33098§33410§Langon§L'Entre-Deux-Mers§CC Convergence Garonne§4,25§503 (2018)§118
Carignan-de-Bordeaux§33099§33360§Bordeaux§Créon§CC des Coteaux Bordelais§8,78§3 971 (2018)§452
Cars§33100§33390§Blaye§L'Estuaire§CC de Blaye§11,1§1 198 (2018)§108
Cartelègue§33101§33390§Blaye§L'Estuaire§CC de l'Estuaire§11,45§1 228 (2018)§107
Casseuil§33102§33190§Langon§Le Réolais et Les Bastides§CC du Réolais en Sud Gironde§6,34§391 (2018)§62
Castelmoron-d'Albret§33103§33540§Langon§Le Réolais et Les Bastides§CC rurales de l'Entre-Deux-Mers§0,04§53 (2018)§1325
Castelnau-de-Médoc§33104§33480§Lesparre-Médoc§Le Sud-Médoc§CC Médullienne§23,92§4 788 (2018)§200
Castelviel§33105§33540§Langon§Le Réolais et Les Bastides§CC rurales de l'Entre-Deux-Mers§8,02§218 (2018)§27
Castets et Castillon§33106§33210§Langon§Le Sud-Gironde§CC du Sud Gironde§13,16§1 458 (2018)§111
Castillon-la-Bataille§33108§33350§Libourne§Les Coteaux de Dordogne§CC Castillon Pujols§5,68§3 181 (2018)§560
Castres-Gironde§33109§33640§Bordeaux§La Brède§CC de Montesquieu§6,97§2 392 (2018)§343
Caudrot§33111§33490§Langon§L'Entre-Deux-Mers§CC du Réolais en Sud Gironde§6,12§1 148 (2018)§188
Caumont§33112§33540§Langon§Le Réolais et Les Bastides§CC rurales de l'Entre-Deux-Mers§7,58§146 (2018)§19
Cauvignac§33113§33690§Langon§Le Sud-Gironde§CC du Bazadais§5,51§162 (2018)§29
Cavignac§33114§33620§Blaye§Le Nord-Gironde§CC Latitude Nord Gironde§6,63§2 148 (2018)§324
Cazalis§33115§33113§Langon§Le Sud-Gironde§CC du Sud Gironde§46,81§234 (2018)§5
Cazats§33116§33430§Langon§Le Sud-Gironde§CC du Bazadais§7,48§418 (2018)§56
Cazaugitat§33117§33790§Langon§Le Réolais et Les Bastides§CC rurales de l'Entre-Deux-Mers§14,35§234 (2018)§16
Cénac§33118§33360§Bordeaux§Créon§CC des portes de l'Entre-deux-Mers§7,5§1 995 (2018)§266
Cenon§33119§33150§Bordeaux§Cenon§Bordeaux Métropole§5,52§25 292 (2018)§4582
Cérons§33120§33720§Langon§Les Landes des Graves§CC Convergence Garonne§7,83§2 114 (2018)§270
Cessac§33121§33760§Langon§L'Entre-Deux-Mers§CC rurales de l'Entre-Deux-Mers§3,65§192 (2018)§53
Cestas§33122§33610§Bordeaux§Pessac-1§CC Jalle-Eau-Bourde§99,57§16 936 (2018)§170
Cézac§33123§33620§Blaye§Le Nord-Gironde§CC Latitude Nord Gironde§19,16§2 612 (2018)§136
Chamadelle§33124§33230§Libourne§Le Nord-Libournais§CA du Libournais§15,35§730 (2018)§48
Cissac-Médoc§33125§33250§Lesparre-Médoc§Le Nord-Médoc§CC Médoc Cœur de Presqu'île§23,62§2 170 (2018)§92
Civrac-de-Blaye§33126§33920§Blaye§Le Nord-Gironde§CC Latitude Nord Gironde§13,25§861 (2018)§65
Civrac-en-Médoc§33128§33340§Lesparre-Médoc§Le Nord-Médoc§CC Médoc Cœur de Presqu'île§18,35§675 (2018)§37
Civrac-sur-Dordogne§33127§33350§Libourne§Les Coteaux de Dordogne§CC Castillon Pujols§1,94§223 (2018)§115
Cleyrac§33129§33540§Langon§Le Réolais et Les Bastides§CC rurales de l'Entre-Deux-Mers§6,07§158 (2018)§26
Coimères§33130§33210§Langon§Le Réolais et Les Bastides§CC du Sud Gironde§12,91§1 034 (2018)§80
Coirac§33131§33540§Langon§L'Entre-Deux-Mers§CC rurales de l'Entre-Deux-Mers§5,76§206 (2018)§36
Comps§33132§33710§Blaye§L'Estuaire§CC de Blaye§1,66§547 (2018)§330
Coubeyrac§33133§33890§Libourne§Les Coteaux de Dordogne§CC Castillon Pujols§5,61§71 (2018)§13
Couquèques§33134§33340§Lesparre-Médoc§Le Nord-Médoc§CC Médoc Cœur de Presqu'île§6,33§276 (2018)§44
Courpiac§33135§33760§Langon§L'Entre-Deux-Mers§CC rurales de l'Entre-Deux-Mers§2,21§125 (2018)§57
Cours-de-Monségur§33136§33580§Langon§Le Réolais et Les Bastides§CC rurales de l'Entre-Deux-Mers§9,64§283 (2018)§29
Cours-les-Bains§33137§33690§Langon§Le Sud-Gironde§CC du Bazadais§10,43§220 (2018)§21
Coutras§33138§33230§Libourne§Le Nord-Libournais§CA du Libournais§33,69§8 582 (2018)§255
Coutures§33139§33580§Langon§Le Réolais et Les Bastides§CC rurales de l'Entre-Deux-Mers§3,4§98 (2018)§29
Créon§33140§33670§Bordeaux§Créon§CC du Créonnais§8,02§4 764 (2018)§594
Croignon§33141§33750§Bordeaux§Créon§CC des Coteaux Bordelais§4,62§666 (2018)§144
Cubnezais§33142§33620§Blaye§Le Nord-Gironde§CC Latitude Nord Gironde§10,3§1 575 (2018)§153
Cubzac-les-Ponts§33143§33240§Blaye§Le Nord-Gironde§CC du Grand Cubzaguais§8,92§2 490 (2018)§279
Cudos§33144§33430§Langon§Le Sud-Gironde§CC du Bazadais§34,21§797 (2018)§23
Cursan§33145§33670§Bordeaux§Créon§CC du Créonnais§6,07§654 (2018)§108
Cussac-Fort-Médoc§33146§33460§Lesparre-Médoc§Le Sud-Médoc§CC Médoc Estuaire§18,01§2 294 (2018)§127
Daignac§33147§33420§Libourne§Les Coteaux de Dordogne§CA du Libournais§5,73§470 (2018)§82
Dardenac§33148§33420§Libourne§Les Coteaux de Dordogne§CA du Libournais§1,5§87 (2018)§58
Daubèze§33149§33540§Langon§Le Réolais et Les Bastides§CC rurales de l'Entre-Deux-Mers§5,63§154 (2018)§27
Dieulivol§33150§33580§Langon§Le Réolais et Les Bastides§CC rurales de l'Entre-Deux-Mers§10,47§341 (2018)§33
Donnezac§33151§33860§Blaye§Le Nord-Gironde§CC Latitude Nord Gironde§35,75§910 (2018)§25
Donzac§33152§33410§Langon§L'Entre-Deux-Mers§CC Convergence Garonne§4,41§118 (2018)§27
Doulezon§33153§33350§Libourne§Les Coteaux de Dordogne§CC Castillon Pujols§7,36§266 (2018)§36
Escaudes§33155§33840§Langon§Le Sud-Gironde§CC du Bazadais§25,77§155 (2018)§6
Escoussans§33156§33760§Langon§L'Entre-Deux-Mers§CC Convergence Garonne§5,11§293 (2018)§57
Espiet§33157§33420§Libourne§Les Coteaux de Dordogne§CA du Libournais§6,79§784 (2018)§115
Étauliers§33159§33820§Blaye§L'Estuaire§CC de l'Estuaire§12,98§1 484 (2018)§114
Eynesse§33160§33220§Libourne§Le Réolais et Les Bastides§CC du pays Foyen§7,59§587 (2018)§77
Eyrans§33161§33390§Blaye§L'Estuaire§CC de l'Estuaire§4,28§767 (2018)§179
Eysines§33162§33320§Bordeaux§Les Portes du Médoc§Bordeaux Métropole§12,01§24 109 (2018)§2007
Faleyras§33163§33760§Langon§L'Entre-Deux-Mers§CC rurales de l'Entre-Deux-Mers§10,44§432 (2018)§41
Fargues§33164§33210§Langon§Le Sud-Gironde§CC du Sud Gironde§15,41§1 650 (2018)§107
Fargues-Saint-Hilaire§33165§33370§Bordeaux§Créon§CC des Coteaux Bordelais§7,02§3 005 (2018)§428
Flaujagues§33168§33350§Libourne§Les Coteaux de Dordogne§CC Castillon Pujols§7,8§589 (2018)§76
Floirac§33167§33270§Bordeaux§Cenon§Bordeaux Métropole§8,67§17 882 (2018)§2063
Floudès§33169§33190§Langon§Le Réolais et Les Bastides§CC du Réolais en Sud Gironde§3,7§109 (2018)§29
Fontet§33170§33190§Langon§Le Réolais et Les Bastides§CC du Réolais en Sud Gironde§7,67§793 (2018)§103
Fossès-et-Baleyssac§33171§33190§Langon§Le Réolais et Les Bastides§CC du Réolais en Sud Gironde§9,4§225 (2018)§24
Fours§33172§33390§Blaye§L'Estuaire§CC de Blaye§4,64§301 (2018)§65
Francs§33173§33570§Libourne§Le Nord-Libournais§CC du Grand Saint-Émilionnais§6,59§189 (2018)§29
Fronsac§33174§33126§Libourne§Le Libournais-Fronsadais§CC du Fronsadais§15,29§1 148 (2018)§75
Frontenac§33175§33760§Langon§L'Entre-Deux-Mers§CC rurales de l'Entre-Deux-Mers§14,4§736 (2018)§51
Gabarnac§33176§33410§Langon§L'Entre-Deux-Mers§CC Convergence Garonne§5,21§348 (2018)§67
Gaillan-en-Médoc§33177§33340§Lesparre-Médoc§Le Nord-Médoc§CC Médoc Cœur de Presqu'île§42,02§2 334 (2018)§56
Gajac§33178§33430§Langon§Le Sud-Gironde§CC du Bazadais§12,28§376 (2018)§31
Galgon§33179§33133§Libourne§Le Libournais-Fronsadais§CC du Fronsadais§15,18§3 001 (2018)§198
Gans§33180§33430§Langon§Le Sud-Gironde§CC du Bazadais§7,01§188 (2018)§27
Gardegan-et-Tourtirac§33181§§Libourne§Les Coteaux de Dordogne§CC du Grand Saint-Émilionnais§9,58§280 (2018)§29
Gauriac§33182§33710§Blaye§L'Estuaire§CC de Blaye§5,54§737 (2018)§133
Gauriaguet§33183§33240§Blaye§Le Nord-Gironde§CC du Grand Cubzaguais§5,37§1 333 (2018)§248
Générac§33184§33920§Blaye§Le Nord-Gironde§CC de Blaye§9,44§537 (2018)§57
Génissac§33185§33420§Libourne§Les Coteaux de Dordogne§CA du Libournais§13,04§1 967 (2018)§151
Gensac§33186§33890§Libourne§Les Coteaux de Dordogne§CC Castillon Pujols§9,38§740 (2018)§79
Gironde-sur-Dropt§33187§33190§Langon§Le Réolais et Les Bastides§CC du Réolais en Sud Gironde§8,84§1 288 (2018)§146
Giscos§33188§33840§Langon§Le Sud-Gironde§CC du Bazadais§32,06§181 (2018)§5,6
Gornac§33189§33540§Langon§L'Entre-Deux-Mers§CC rurales de l'Entre-Deux-Mers§8,35§432 (2018)§52
Goualade§33190§33840§Langon§Le Sud-Gironde§CC du Bazadais§17§90 (2018)§5,3
Gours§33191§33660§Libourne§Le Nord-Libournais§CA du Libournais§7,89§579 (2018)§73
Gradignan§33192§33170§Bordeaux§Pessac-2§Bordeaux Métropole§15,77§25 435 (2018)§1613
Grayan-et-l'Hôpital§33193§33590§Lesparre-Médoc§Le Nord-Médoc§CC Médoc Atlantique§45,4§1 428 (2018)§31
Grézillac§33194§33420§Libourne§Les Coteaux de Dordogne§CC Castillon Pujols§7,79§696 (2018)§89
Grignols§33195§33690§Langon§Le Sud-Gironde§CC du Bazadais§22,7§1 204 (2018)§53
Guillac§33196§33420§Libourne§Les Coteaux de Dordogne§CC Castillon Pujols§3,06§159 (2018)§52
Guillos§33197§33720§Langon§Les Landes des Graves§CC Convergence Garonne§22,67§451 (2018)§20
Guîtres§33198§33230§Libourne§Le Nord-Libournais§CA du Libournais§5,02§1 585 (2018)§316
Gujan-Mestras§33199§33470§Arcachon§Gujan-Mestras§CA Bassin d'Arcachon Sud-Pôle Atlantique§53,99§21 543 (2018)§399
Haux§33201§33550§Bordeaux§L'Entre-Deux-Mers§CC du Créonnais§10,21§830 (2018)§81
Hostens§33202§33125§Langon§Les Landes des Graves§CC du Sud Gironde§57,64§1 383 (2018)§24
Hourtin§33203§33990§Lesparre-Médoc§Le Sud-Médoc§CC Médoc Atlantique§190,5§3 659 (2018)§19
Hure§33204§33190§Langon§Le Réolais et Les Bastides§CC du Réolais en Sud Gironde§7,09§528 (2018)§74
Illats§33205§33720§Langon§Les Landes des Graves§CC Convergence Garonne§29,24§1 392 (2018)§48
Isle-Saint-Georges§33206§33640§Bordeaux§La Brède§CC de Montesquieu§4,35§523 (2018)§120
Izon§33207§33450§Libourne§Le Libournais-Fronsadais§CA du Libournais§15,59§5 878 (2018)§377
Jau-Dignac-et-Loirac§33208§33590§Lesparre-Médoc§Le Nord-Médoc§CC Médoc Atlantique§41,23§960 (2018)§23
Jugazan§33209§33420§Libourne§Les Coteaux de Dordogne§CC Castillon Pujols§5,53§290 (2018)§52
Juillac§33210§33890§Libourne§Les Coteaux de Dordogne§CC Castillon Pujols§5,86§231 (2018)§39
La Brède§33213§33650§Bordeaux§La Brède§CC de Montesquieu§23,28§4 367 (2018)§188
La Lande-de-Fronsac§33219§33240§Libourne§Le Libournais-Fronsadais§CC du Fronsadais§8,53§2 476 (2018)§290
La Réole§33352§33190§Langon§Le Réolais et Les Bastides§CC du Réolais en Sud Gironde§12,53§4 355 (2018)§348
La Rivière§33356§33126§Libourne§Le Libournais-Fronsadais§CC du Fronsadais§3,22§427 (2018)§133
La Roquille§33360§33220§Libourne§Le Réolais et Les Bastides§CC du pays Foyen§6,51§318 (2018)§49
La Sauve§33505§33670§Bordeaux§L'Entre-Deux-Mers§CC du Créonnais§18,64§1 519 (2018)§81
La Teste-de-Buch§33529§33260§§§§§§
33115§Arcachon§La Teste-de-Buch§CA Bassin d'Arcachon Sud-Pôle Atlantique§180,2§26 248 (2018)§146§§
Labarde§33211§33460§Lesparre-Médoc§Le Sud-Médoc§CC Médoc Estuaire§4,76§593 (2018)§125
Labescau§33212§33690§Langon§Le Sud-Gironde§CC du Bazadais§5,99§123 (2018)§21
Lacanau§33214§33680§Lesparre-Médoc§Le Sud-Médoc§CC Médoc Atlantique§214,02§5 082 (2018)§24
Ladaux§33215§33760§Langon§L'Entre-Deux-Mers§CC rurales de l'Entre-Deux-Mers§4,29§195 (2018)§45
Lados§33216§33124§Langon§Le Réolais et Les Bastides§CC du Bazadais§6,49§171 (2018)§26
Lagorce§33218§33230§Libourne§Le Nord-Libournais§CA du Libournais§28,47§1 665 (2018)§58
Lalande-de-Pomerol§33222§33500§Libourne§Le Libournais-Fronsadais§CA du Libournais§8,25§656 (2018)§80
Lamarque§33220§33460§Lesparre-Médoc§Le Sud-Médoc§CC Médoc Estuaire§8,91§1 315 (2018)§148
Lamothe-Landerron§33221§33190§Langon§Le Réolais et Les Bastides§CC du Réolais en Sud Gironde§9,18§1 199 (2018)§131
Landerrouat§33223§33790§Langon§Le Réolais et Les Bastides§CC du pays Foyen§4,99§213 (2018)§43
Landerrouet-sur-Ségur§33224§33540§Langon§Le Réolais et Les Bastides§CC rurales de l'Entre-Deux-Mers§3,14§98 (2018)§31
Landiras§33225§33720§Langon§Les Landes des Graves§CC Convergence Garonne§59,75§2 197 (2018)§37
Langoiran§33226§33550§Langon§L'Entre-Deux-Mers§CC des portes de l'Entre-deux-Mers§10,14§2 140 (2018)§211
Langon§33227§33210§Langon§Le Sud-Gironde§CC du Sud Gironde§13,71§7 374 (2018)§538
Lansac§33228§33710§Blaye§L'Estuaire§CC du Grand Cubzaguais§6§720 (2018)§120
Lanton§33229§33138§Arcachon§Andernos-les-Bains§CA du Bassin d'Arcachon Nord§136,19§7 098 (2018)§52
Lapouyade§33230§33620§Libourne§Le Nord-Libournais§CA du Libournais§25,8§496 (2018)§19
Laroque§33231§33410§Langon§L'Entre-Deux-Mers§CC Convergence Garonne§2,97§283 (2018)§95
Lartigue§33232§33840§Langon§Le Sud-Gironde§CC du Bazadais§13,64§39 (2018)§2,9
Laruscade§33233§33620§Blaye§Le Nord-Gironde§CC Latitude Nord Gironde§46,76§2 800 (2018)§60
Latresne§33234§33360§Bordeaux§Créon§CC des portes de l'Entre-deux-Mers§10,39§3 513 (2018)§338
Lavazan§33235§33690§Langon§Le Sud-Gironde§CC du Bazadais§8,97§225 (2018)§25
Le Barp§33029§33114§Arcachon§Les Landes des Graves§CC du Val de l'Eyre§107,32§5 556 (2018)§52
Le Bouscat§33069§33110§Bordeaux§Le Bouscat§Bordeaux Métropole§5,28§23 924 (2018)§4531
Le Fieu§33166§33230§Libourne§Le Nord-Libournais§CA du Libournais§14,67§514 (2018)§35
Le Haillan§33200§33185§Bordeaux§Mérignac-1§Bordeaux Métropole§9,26§11 342 (2018)§1225
Le Nizan§33305§33430§Langon§Le Sud-Gironde§CC du Bazadais§15,21§514 (2018)§34
Le Pian-Médoc§33322§33290§Bordeaux§Les Portes du Médoc§CC Médoc Estuaire§30,12§6 739 (2018)§224
Le Pian-sur-Garonne§33323§33490§Langon§L'Entre-Deux-Mers§CC du Sud Gironde§6,35§880 (2018)§139
Le Porge§33333§33680§Lesparre-Médoc§Le Sud-Médoc§CC Médullienne§149,03§3 243 (2018)§22
Le Pout§33335§33670§Bordeaux§Créon§CC du Créonnais§3,93§610 (2018)§155
Le Puy§33345§33580§Langon§Le Réolais et Les Bastides§CC rurales de l'Entre-Deux-Mers§8,15§406 (2018)§50
Le Taillan-Médoc§33519§33320§Bordeaux§Saint-Médard-en-Jalles§Bordeaux Métropole§15,16§10 118 (2018)§667
Le Teich§33527§33470§Arcachon§Gujan-Mestras§CA Bassin d'Arcachon Sud-Pôle Atlantique§87,08§8 205 (2018)§94
Le Temple§33528§33680§Lesparre-Médoc§Le Sud-Médoc§CC Médullienne§71,83§624 (2018)§8,7
Le Tourne§33534§33550§Bordeaux§L'Entre-Deux-Mers§CC des portes de l'Entre-deux-Mers§2,53§805 (2018)§318
Le Tuzan§33536§33125§Langon§Les Landes des Graves§CC du Sud Gironde§18§268 (2018)§15
Le Verdon-sur-Mer§33544§33123§Lesparre-Médoc§Le Nord-Médoc§CC Médoc Atlantique§17,09§1 331 (2018)§78
Lège-Cap-Ferret§33236§33950§§§§§§
33970§Arcachon§Andernos-les-Bains§CA du Bassin d'Arcachon Nord§93,62§8 374 (2018)§89§§
Léogeats§33237§33210§Langon§Le Sud-Gironde§CC du Sud Gironde§19,61§809 (2018)§41
Léognan§33238§33850§Bordeaux§La Brède§CC de Montesquieu§41,43§10 471 (2018)§253
Lerm-et-Musset§33239§33840§Langon§Le Sud-Gironde§CC du Bazadais§36,87§477 (2018)§13
Les Artigues-de-Lussac§33014§33570§Libourne§Le Nord-Libournais§CC du Grand Saint-Émilionnais§10,16§1 114 (2018)§110
Les Billaux§33052§33500§Libourne§Le Libournais-Fronsadais§CA du Libournais§6,26§1 169 (2018)§187
Les Églisottes-et-Chalaures§33154§33230§Libourne§Le Nord-Libournais§CA du Libournais§17,16§2 147 (2018)§125
Les Esseintes§33158§33190§Langon§Le Réolais et Les Bastides§CC du Réolais en Sud Gironde§5,1§239 (2018)§47
Les Lèves-et-Thoumeyragues§33242§33220§Libourne§Le Réolais et Les Bastides§CC du pays Foyen§15,58§549 (2018)§35
Les Peintures§33315§33230§Libourne§Le Nord-Libournais§CA du Libournais§13,13§1 591 (2018)§121
Les Salles-de-Castillon§33499§33350§Libourne§Les Coteaux de Dordogne§CC Castillon Pujols§10,81§348 (2018)§32
Lesparre-Médoc§33240§33340§Lesparre-Médoc§Le Nord-Médoc§CC Médoc Cœur de Presqu'île§36,97§5 804 (2018)§157
Lestiac-sur-Garonne§33241§33550§Langon§L'Entre-Deux-Mers§CC Convergence Garonne§2,98§574 (2018)§193
Libourne§33243§33500§Libourne§Le Libournais-Fronsadais§CA du Libournais§20,63§24 511 (2018)§1188
Lignan-de-Bazas§33244§33430§Langon§Le Sud-Gironde§CC du Bazadais§11,1§420 (2018)§38
Lignan-de-Bordeaux§33245§33360§Bordeaux§Créon§CC des portes de l'Entre-deux-Mers§8,94§816 (2018)§91
Ligueux§33246§33220§Libourne§Le Réolais et Les Bastides§CC du pays Foyen§5,05§158 (2018)§31
Listrac-Médoc§33248§33480§Lesparre-Médoc§Le Sud-Médoc§CC Médullienne§61,9§2 774 (2018)§45
Listrac-de-Durèze§33247§33790§Langon§Le Réolais et Les Bastides§CC du pays Foyen§5,31§172 (2018)§32
Lormont§33249§33310§Bordeaux§Lormont§Bordeaux Métropole§7,36§23 128 (2018)§3142
Loubens§33250§33190§Langon§Le Réolais et Les Bastides§CC du Réolais en Sud Gironde§5,89§306 (2018)§52
Louchats§33251§33125§Langon§Les Landes des Graves§CC du Sud Gironde§39,24§734 (2018)§19
Loupes§33252§33370§Bordeaux§Créon§CC du Créonnais§4,87§814 (2018)§167
Loupiac§33253§33410§Langon§L'Entre-Deux-Mers§CC Convergence Garonne§9,57§1 113 (2018)§116
Loupiac-de-la-Réole§33254§33190§Langon§Le Réolais et Les Bastides§CC du Réolais en Sud Gironde§5,32§503 (2018)§95
Lucmau§33255§33840§Langon§Le Sud-Gironde§CC du Sud Gironde§66,73§242 (2018)§3,6
Ludon-Médoc§33256§33290§Bordeaux§Les Portes du Médoc§CC Médoc Estuaire§18,69§4 934 (2018)§264
Lugaignac§33257§33420§Libourne§Les Coteaux de Dordogne§CC Castillon Pujols§3,66§485 (2018)§133
Lugasson§33258§33760§Langon§L'Entre-Deux-Mers§CC rurales de l'Entre-Deux-Mers§6,32§299 (2018)§47
Lugon-et-l'Île-du-Carnay§33259§33240§Libourne§Le Libournais-Fronsadais§CC du Fronsadais§10,94§1 314 (2018)§120
Lugos§33260§33830§Arcachon§Les Landes des Graves§CC du Val de l'Eyre§62,14§948 (2018)§15
Lussac§33261§33570§Libourne§Le Nord-Libournais§CC du Grand Saint-Émilionnais§23,43§1 258 (2018)§54
Macau§33262§33460§Bordeaux§Le Sud-Médoc§CC Médoc Estuaire§19,56§4 318 (2018)§221
Madirac§33263§33670§Bordeaux§Créon§CC du Créonnais§1,86§261 (2018)§140
Maransin§33264§33230§Libourne§Le Nord-Libournais§CA du Libournais§29,94§1 005 (2018)§34
Marcenais§33266§33620§Blaye§Le Nord-Gironde§CC Latitude Nord Gironde§9,04§792 (2018)§88
Marcheprime§33555§33380§Arcachon§Gujan-Mestras§CA du Bassin d'Arcachon Nord§24,56§4 860 (2018)§198
Margaux-Cantenac§33268§33460§Lesparre-Médoc§Le Sud-Médoc§CC Médoc Estuaire§21,62§2 920 (2018)§135
Margueron§33269§33220§Libourne§Le Réolais et Les Bastides§CC du pays Foyen§13,57§392 (2018)§29
Marimbault§33270§33430§Langon§Le Sud-Gironde§CC du Bazadais§6,71§184 (2018)§27
Marions§33271§33690§Langon§Le Sud-Gironde§CC du Bazadais§16,32§215 (2018)§13
Marsas§33272§33620§Blaye§Le Nord-Gironde§CC Latitude Nord Gironde§8,13§1 213 (2018)§149
Martignas-sur-Jalle§33273§33127§Bordeaux§Mérignac-2§Bordeaux Métropole§26,39§7 498 (2018)§284
Martillac§33274§33650§Bordeaux§La Brède§CC de Montesquieu§17,09§3 187 (2018)§186
Martres§33275§33760§Langon§L'Entre-Deux-Mers§CC rurales de l'Entre-Deux-Mers§3,03§110 (2018)§36
Masseilles§33276§33690§Langon§Le Sud-Gironde§CC du Bazadais§6,72§142 (2018)§21
Massugas§33277§33790§Langon§Le Réolais et Les Bastides§CC du pays Foyen§14,41§227 (2018)§16
Mauriac§33278§33540§Langon§Le Réolais et Les Bastides§CC rurales de l'Entre-Deux-Mers§10,02§240 (2018)§24
Mazères§33279§33210§Langon§Le Sud-Gironde§CC du Sud Gironde§13,14§763 (2018)§58
Mazion§33280§33390§Blaye§L'Estuaire§CC de l'Estuaire§3,71§531 (2018)§143
Mérignac§33281§33700§Bordeaux§Mérignac-1§§§§
Mérignac-2§Bordeaux Métropole§48,17§70 813 (2018)§1470§§§§
Mérignas§33282§33350§Langon§Le Réolais et Les Bastides§CC Castillon Pujols§9,56§344 (2018)§36
Mesterrieux§33283§33540§Langon§Le Réolais et Les Bastides§CC rurales de l'Entre-Deux-Mers§3,59§227 (2018)§63
Mios§33284§33380§Arcachon§Gujan-Mestras§CA du Bassin d'Arcachon Nord§137,41§10 398 (2018)§76
Mombrier§33285§33710§Blaye§L'Estuaire§CC du Grand Cubzaguais§4,25§424 (2018)§100
Mongauzy§33287§33190§Langon§Le Réolais et Les Bastides§CC du Réolais en Sud Gironde§6,84§599 (2018)§88
Monprimblanc§33288§33410§Langon§L'Entre-Deux-Mers§CC Convergence Garonne§4,97§294 (2018)§59
Monségur§33289§33580§Langon§Le Réolais et Les Bastides§CC du Réolais en Sud Gironde§9,91§1 601 (2018)§162
Montagne§33290§33570§Libourne§Le Nord-Libournais§CC du Grand Saint-Émilionnais§26,66§1 524 (2018)§57
Montagoudin§33291§33190§Langon§Le Réolais et Les Bastides§CC du Réolais en Sud Gironde§3,34§179 (2018)§54
Montignac§33292§33760§Langon§L'Entre-Deux-Mers§CC rurales de l'Entre-Deux-Mers§6,48§138 (2018)§21
Montussan§33293§33450§Bordeaux§Lormont§CC du Secteur de Saint-Loubès§8,3§3 288 (2018)§396
Morizès§33294§33190§Langon§Le Réolais et Les Bastides§CC du Réolais en Sud Gironde§5,87§547 (2018)§93
Mouillac§33295§33240§Libourne§Le Libournais-Fronsadais§CC du Fronsadais§1,87§87 (2018)§47
Mouliets-et-Villemartin§33296§33350§Libourne§Les Coteaux de Dordogne§CC Castillon Pujols§15,91§1 047 (2018)§66
Moulis-en-Médoc§33297§33480§Lesparre-Médoc§Le Sud-Médoc§CC Médullienne§20,56§1 853 (2018)§90
Moulon§33298§33420§Libourne§Les Coteaux de Dordogne§CA du Libournais§13,25§1 002 (2018)§76
Mourens§33299§33410§Langon§L'Entre-Deux-Mers§CC rurales de l'Entre-Deux-Mers§10,63§384 (2018)§36
Naujac-sur-Mer§33300§33990§Lesparre-Médoc§Le Nord-Médoc§CC Médoc Atlantique§98,55§1 087 (2018)§11
Naujan-et-Postiac§33301§33420§Libourne§Les Coteaux de Dordogne§CC Castillon Pujols§11,1§595 (2018)§54
Néac§33302§33500§Libourne§Le Nord-Libournais§CC du Grand Saint-Émilionnais§6,88§365 (2018)§53
Nérigean§33303§33750§Libourne§Les Coteaux de Dordogne§CA du Libournais§9,98§841 (2018)§84
Neuffons§33304§33580§Langon§Le Réolais et Les Bastides§CC rurales de l'Entre-Deux-Mers§4,67§145 (2018)§31
Noaillac§33306§33190§Langon§Le Réolais et Les Bastides§CC du Réolais en Sud Gironde§7,94§483 (2018)§61
Noaillan§33307§33730§Langon§Le Sud-Gironde§CC du Sud Gironde§31,8§1 682 (2018)§53
Omet§33308§33410§Langon§L'Entre-Deux-Mers§CC Convergence Garonne§2,62§303 (2018)§116
Ordonnac§33309§33340§Lesparre-Médoc§Le Nord-Médoc§CC Médoc Cœur de Presqu'île§10,21§501 (2018)§49
Origne§33310§33113§Langon§Les Landes des Graves§CC du Sud Gironde§27,19§182 (2018)§6,7
Paillet§33311§33550§Langon§L'Entre-Deux-Mers§CC Convergence Garonne§2,48§1 209 (2018)§488
Parempuyre§33312§33290§Bordeaux§Les Portes du Médoc§Bordeaux Métropole§21,8§8 963 (2018)§411
Pauillac§33314§33250§Lesparre-Médoc§Le Nord-Médoc§CC Médoc Cœur de Presqu'île§22,74§4 911 (2018)§216
Pellegrue§33316§33790§Langon§Le Réolais et Les Bastides§CC du pays Foyen§38,18§1 034 (2018)§27
Périssac§33317§33240§Libourne§Le Nord-Gironde§CC du Fronsadais§12,16§1 196 (2018)§98
Pessac§33318§33600§Bordeaux§Pessac-1§§§§
Pessac-2§Bordeaux Métropole§38,82§64 374 (2018)§1658§§§§
Pessac-sur-Dordogne§33319§33890§Libourne§Les Coteaux de Dordogne§CC Castillon Pujols§7,78§449 (2018)§58
Petit-Palais-et-Cornemps§33320§33570§Libourne§Le Nord-Libournais§CC du Grand Saint-Émilionnais§14,32§723 (2018)§50
Peujard§33321§33240§Blaye§Le Nord-Gironde§CC du Grand Cubzaguais§10,98§2 160 (2018)§197
Pineuilh§33324§33220§Libourne§Le Réolais et Les Bastides§CC du pays Foyen§17,36§4 432 (2018)§255
Plassac§33325§33390§Blaye§L'Estuaire§CC de Blaye§7,12§910 (2018)§128
Pleine-Selve§33326§33820§Blaye§L'Estuaire§CC de l'Estuaire§4,23§218 (2018)§52
Podensac§33327§33720§Langon§Les Landes des Graves§CC Convergence Garonne§8,34§3 187 (2018)§382
Pomerol§33328§33500§Libourne§Le Libournais-Fronsadais§CA du Libournais§6,24§593 (2018)§95
Pompéjac§33329§33730§Langon§Le Sud-Gironde§CC du Sud Gironde§9,74§264 (2018)§27
Pompignac§33330§33370§Bordeaux§Créon§CC des Coteaux Bordelais§11,62§3 073 (2018)§264
Pondaurat§33331§33190§Langon§Le Réolais et Les Bastides§CC du Réolais en Sud Gironde§8,74§466 (2018)§53
Porchères§33332§33660§Libourne§Le Nord-Libournais§CA du Libournais§13,19§866 (2018)§66
Porte-de-Benauge§33008§33760§Langon§L'Entre-Deux-Mers§CC rurales de l'Entre-Deux-Mers§16,74§497 (2018)§30
Portets§33334§33640§Langon§Les Landes des Graves§CC Convergence Garonne§15,49§2 728 (2018)§176
Préchac§33336§33730§Langon§Le Sud-Gironde§CC du Sud Gironde§63,87§1 007 (2018)§16
Preignac§33337§33210§Langon§Les Landes des Graves§CC Convergence Garonne§13,26§2 150 (2018)§162
Prignac-et-Marcamps§33339§33710§Blaye§L'Estuaire§CC du Grand Cubzaguais§9,66§1 384 (2018)§143
Pugnac§33341§33710§Blaye§L'Estuaire§CC du Grand Cubzaguais§13,53§2 285 (2018)§169
Puisseguin§33342§33570§Libourne§Le Nord-Libournais§CC du Grand Saint-Émilionnais§17,25§840 (2018)§49
Pujols§33344§33350§Libourne§Les Coteaux de Dordogne§CC Castillon Pujols§7,4§531 (2018)§72
Pujols-sur-Ciron§33343§33210§Langon§Les Landes des Graves§CC Convergence Garonne§7,53§795 (2018)§106
Puybarban§33346§33190§Langon§Le Réolais et Les Bastides§CC du Réolais en Sud Gironde§5,58§426 (2018)§76
Puynormand§33347§33660§Libourne§Le Nord-Libournais§CA du Libournais§7,64§303 (2018)§40
Queyrac§33348§33340§Lesparre-Médoc§Le Nord-Médoc§CC Médoc Atlantique§30,73§1 375 (2018)§45
Quinsac§33349§33360§Bordeaux§Créon§CC des portes de l'Entre-deux-Mers§8,14§2 213 (2018)§272
Rauzan§33350§33420§Libourne§Les Coteaux de Dordogne§CC Castillon Pujols§6,5§1 223 (2018)§188
Reignac§33351§33860§Blaye§L'Estuaire§CC de l'Estuaire§37,43§1 591 (2018)§43
Rimons§33353§33580§Langon§Le Réolais et Les Bastides§CC rurales de l'Entre-Deux-Mers§14,38§194 (2018)§13
Riocaud§33354§33220§Libourne§Le Réolais et Les Bastides§CC du pays Foyen§10,4§186 (2018)§18
Rions§33355§33410§Langon§L'Entre-Deux-Mers§CC Convergence Garonne§10,65§1 540 (2018)§145
Roaillan§33357§33210§Langon§Le Sud-Gironde§CC du Sud Gironde§11,48§1 721 (2018)§150
Romagne§33358§33760§Langon§L'Entre-Deux-Mers§CC rurales de l'Entre-Deux-Mers§5,15§464 (2018)§90
Roquebrune§33359§33580§Langon§Le Réolais et Les Bastides§CC du Réolais en Sud Gironde§6,52§282 (2018)§43
Ruch§33361§33350§Langon§Le Réolais et Les Bastides§CC Castillon Pujols§14,49§599 (2018)§41
Sablons§33362§33910§Libourne§Le Nord-Libournais§CA du Libournais§11,84§1 307 (2018)§110
Sadirac§33363§33670§Bordeaux§Créon§CC du Créonnais§19,11§4 371 (2018)§229
Saillans§33364§33141§Libourne§Le Libournais-Fronsadais§CC du Fronsadais§6,22§394 (2018)§63
Saint-Aignan§33365§33126§Libourne§Le Libournais-Fronsadais§CC du Fronsadais§2,75§200 (2018)§73
Saint-André-de-Cubzac§33366§33240§Blaye§Le Nord-Gironde§CC du Grand Cubzaguais§23,15§12 051 (2018)§521
Saint-André-du-Bois§33367§33490§Langon§L'Entre-Deux-Mers§CC du Sud Gironde§10§433 (2018)§43
Saint-André-et-Appelles§33369§33220§Libourne§Le Réolais et Les Bastides§CC du pays Foyen§10,25§682 (2018)§67
Saint-Androny§33370§33390§Blaye§L'Estuaire§CC de l'Estuaire§11,65§548 (2018)§47
Saint-Antoine-du-Queyret§33372§33790§Langon§Le Réolais et Les Bastides§CC rurales de l'Entre-Deux-Mers§6,85§58 (2018)§8,5
Saint-Antoine-sur-l'Isle§33373§33660§Libourne§Le Nord-Libournais§CA du Libournais§10,4§582 (2018)§56
Saint-Aubin-de-Blaye§33374§33820§Blaye§L'Estuaire§CC de l'Estuaire§11,54§870 (2018)§75
Saint-Aubin-de-Branne§33375§33420§Libourne§Les Coteaux de Dordogne§CC Castillon Pujols§5,52§359 (2018)§65
Saint-Aubin-de-Médoc§33376§33160§Bordeaux§Saint-Médard-en-Jalles§Bordeaux Métropole§34,72§7 415 (2018)§214
Saint-Avit-Saint-Nazaire§33378§33220§Libourne§Le Réolais et Les Bastides§CC du pays Foyen§18,61§1 474 (2018)§79
Saint-Avit-de-Soulège§33377§33220§Libourne§Le Réolais et Les Bastides§CC du pays Foyen§2,84§78 (2018)§27
Saint-Brice§33379§33540§Langon§Le Réolais et Les Bastides§CC rurales de l'Entre-Deux-Mers§5,76§315 (2018)§55
Saint-Caprais-de-Bordeaux§33381§33880§Bordeaux§Créon§CC des portes de l'Entre-deux-Mers§10,26§3 288 (2018)§320
Saint-Christoly-Médoc§33383§33340§Lesparre-Médoc§Le Nord-Médoc§CC Médoc Cœur de Presqu'île§7,55§279 (2018)§37
Saint-Christoly-de-Blaye§33382§33920§Blaye§Le Nord-Gironde§CC de Blaye§28,06§1 939 (2018)§69
Saint-Christophe-de-Double§33385§33230§Libourne§Le Nord-Libournais§CA du Libournais§36,13§692 (2018)§19
Saint-Christophe-des-Bardes§33384§33330§Libourne§Le Nord-Libournais§CC du Grand Saint-Émilionnais§7,69§430 (2018)§56
Saint-Cibard§33386§33570§Libourne§Le Nord-Libournais§CC du Grand Saint-Émilionnais§3,54§187 (2018)§53
Saint-Ciers-d'Abzac§33387§33910§Libourne§Le Nord-Libournais§CA du Libournais§11,71§1 463 (2018)§125
Saint-Ciers-de-Canesse§33388§33710§Blaye§L'Estuaire§CC de Blaye§6,8§803 (2018)§118
Saint-Ciers-sur-Gironde§33389§33820§Blaye§L'Estuaire§CC de l'Estuaire§38,34§3 010 (2018)§79
Saint-Côme§33391§33430§Langon§Le Sud-Gironde§CC du Bazadais§5,96§321 (2018)§54
Saint-Denis-de-Pile§33393§33910§Libourne§Le Nord-Libournais§CA du Libournais§28,27§5 658 (2018)§200
Saint-Émilion§33394§33330§Libourne§Les Coteaux de Dordogne§CC du Grand Saint-Émilionnais§27,02§1 866 (2018)§69
Saint-Estèphe§33395§33180§Lesparre-Médoc§Le Nord-Médoc§CC Médoc Cœur de Presqu'île§23,54§1 600 (2018)§68
Saint-Étienne-de-Lisse§33396§33330§Libourne§Les Coteaux de Dordogne§CC du Grand Saint-Émilionnais§7,09§213 (2018)§30
Saint-Exupéry§33398§33190§Langon§Le Réolais et Les Bastides§CC du Réolais en Sud Gironde§4,19§168 (2018)§40
Saint-Félix-de-Foncaude§33399§33540§Langon§Le Réolais et Les Bastides§CC rurales de l'Entre-Deux-Mers§10,33§289 (2018)§28
Saint-Ferme§33400§33580§Langon§Le Réolais et Les Bastides§CC rurales de l'Entre-Deux-Mers§20,09§344 (2018)§17
Saint-Genès-de-Blaye§33405§33390§Blaye§L'Estuaire§CC de Blaye§7,41§485 (2018)§65
Saint-Genès-de-Castillon§33406§33350§Libourne§Les Coteaux de Dordogne§CC du Grand Saint-Émilionnais§6,8§386 (2018)§57
Saint-Genès-de-Fronsac§33407§33240§Libourne§Le Nord-Gironde§CC du Fronsadais§6,96§822 (2018)§118
Saint-Genès-de-Lombaud§33408§33670§Bordeaux§Créon§CC du Créonnais§6,14§387 (2018)§63
Saint-Genis-du-Bois§33409§33760§Langon§L'Entre-Deux-Mers§CC rurales de l'Entre-Deux-Mers§2,34§87 (2018)§37
Saint-Germain-d'Esteuil§33412§33340§Lesparre-Médoc§Le Nord-Médoc§CC Médoc Cœur de Presqu'île§44,71§1 247 (2018)§28
Saint-Germain-de-Grave§33411§33490§Langon§L'Entre-Deux-Mers§CC du Sud Gironde§6,16§160 (2018)§26
Saint-Germain-de-la-Rivière§33414§33240§Libourne§Le Libournais-Fronsadais§CC du Fronsadais§4,28§389 (2018)§91
Saint-Germain-du-Puch§33413§33750§Libourne§Les Coteaux de Dordogne§CA du Libournais§11,76§2 186 (2018)§186
Saint-Gervais§33415§33240§Blaye§Le Nord-Gironde§CC du Grand Cubzaguais§5,58§1 892 (2018)§339
Saint-Girons-d'Aiguevives§33416§33920§Blaye§Le Nord-Gironde§CC de Blaye§11,94§943 (2018)§79
Saint-Hilaire-de-la-Noaille§33418§33190§Langon§Le Réolais et Les Bastides§CC du Réolais en Sud Gironde§11,45§377 (2018)§33
Saint-Hilaire-du-Bois§33419§33540§Langon§Le Réolais et Les Bastides§CC rurales de l'Entre-Deux-Mers§4,5§78 (2018)§17
Saint-Hippolyte§33420§33330§Libourne§Les Coteaux de Dordogne§CC du Grand Saint-Émilionnais§4,45§131 (2018)§29
Saint-Jean-d'Illac§33422§33127§Bordeaux§Mérignac-2§CC Jalle-Eau-Bourde§120,58§8 678 (2018)§72
Saint-Jean-de-Blaignac§33421§33420§Libourne§Les Coteaux de Dordogne§CC Castillon Pujols§5,58§450 (2018)§81
Saint-Julien-Beychevelle§33423§33250§Lesparre-Médoc§Le Nord-Médoc§CC Médoc Cœur de Presqu'île§16,3§603 (2018)§37
Saint-Laurent-Médoc§33424§33112§Lesparre-Médoc§Le Sud-Médoc§CC Médoc Cœur de Presqu'île§136,55§4 767 (2018)§35
Saint-Laurent-d'Arce§33425§33240§Blaye§Le Nord-Gironde§CC du Grand Cubzaguais§8,07§1 463 (2018)§181
Saint-Laurent-des-Combes§33426§33330§Libourne§Les Coteaux de Dordogne§CC du Grand Saint-Émilionnais§3,86§257 (2018)§67
Saint-Laurent-du-Bois§33427§33540§Langon§L'Entre-Deux-Mers§CC rurales de l'Entre-Deux-Mers§7,41§247 (2018)§33
Saint-Laurent-du-Plan§33428§33190§Langon§L'Entre-Deux-Mers§CC du Réolais en Sud Gironde§2,39§88 (2018)§37
Saint-Léger-de-Balson§33429§33113§Langon§Les Landes des Graves§CC du Sud Gironde§38,04§332 (2018)§8,7
Saint-Léon§33431§33670§Bordeaux§L'Entre-Deux-Mers§CC du Créonnais§4,49§340 (2018)§76
Saint-Loubert§33432§33210§Langon§Le Sud-Gironde§CC du Sud Gironde§2,11§231 (2018)§109
Saint-Loubès§33433§33450§Bordeaux§La Presqu'île§CC du Secteur de Saint-Loubès§25,07§9 770 (2018)§390
Saint-Louis-de-Montferrand§33434§33440§Bordeaux§La Presqu'île§Bordeaux Métropole§10,8§2 149 (2018)§199
Saint-Macaire§33435§33490§Langon§L'Entre-Deux-Mers§CC du Sud Gironde§1,79§2 079 (2018)§1161
Saint-Magne§33436§33125§Arcachon§Les Landes des Graves§CC du Val de l'Eyre§82,66§1 010 (2018)§12
Saint-Magne-de-Castillon§33437§33350§Libourne§Les Coteaux de Dordogne§CC Castillon Pujols§13,87§2 011 (2018)§145
Saint-Maixant§33438§33490§Langon§L'Entre-Deux-Mers§CC du Sud Gironde§7,68§1 945 (2018)§253
Saint-Mariens§33439§33620§Blaye§Le Nord-Gironde§CC Latitude Nord Gironde§12§1 611 (2018)§134
Saint-Martial§33440§33490§Langon§L'Entre-Deux-Mers§CC du Sud Gironde§7,47§241 (2018)§32
Saint-Martin-Lacaussade§33441§33390§Blaye§L'Estuaire§CC de Blaye§3,94§1 150 (2018)§292
Saint-Martin-de-Laye§33442§33910§Libourne§Le Nord-Libournais§CA du Libournais§9,56§544 (2018)§57
Saint-Martin-de-Lerm§33443§33540§Langon§Le Réolais et Les Bastides§CC rurales de l'Entre-Deux-Mers§7,02§149 (2018)§21
Saint-Martin-de-Sescas§33444§33490§Langon§L'Entre-Deux-Mers§CC du Réolais en Sud Gironde§8,19§575 (2018)§70
Saint-Martin-du-Bois§33445§33910§Libourne§Le Nord-Libournais§CA du Libournais§9,8§853 (2018)§87
Saint-Martin-du-Puy§33446§33540§Langon§Le Réolais et Les Bastides§CC rurales de l'Entre-Deux-Mers§9,1§175 (2018)§19
Saint-Médard-d'Eyrans§33448§33650§Bordeaux§La Brède§CC de Montesquieu§12,72§3 040 (2018)§239
Saint-Médard-de-Guizières§33447§33230§Libourne§Le Nord-Libournais§CA du Libournais§10,37§2 385 (2018)§230
Saint-Médard-en-Jalles§33449§33160§Bordeaux§Saint-Médard-en-Jalles§Bordeaux Métropole§85,28§31 536 (2018)§370
Saint-Michel-de-Castelnau§33450§33840§Langon§Le Sud-Gironde§CC du Bazadais§42,61§243 (2018)§5,7
Saint-Michel-de-Fronsac§33451§33126§Libourne§Le Libournais-Fronsadais§CC du Fronsadais§5,49§527 (2018)§96
Saint-Michel-de-Lapujade§33453§33190§Langon§Le Réolais et Les Bastides§CC du Réolais en Sud Gironde§7,47§228 (2018)§31
Saint-Michel-de-Rieufret§33452§33720§Langon§Les Landes des Graves§CC Convergence Garonne§18,94§814 (2018)§43
Saint-Morillon§33454§33650§Bordeaux§La Brède§CC de Montesquieu§20,4§1 718 (2018)§84
Saint-Palais§33456§33820§Blaye§L'Estuaire§CC de l'Estuaire§9,76§500 (2018)§51
Saint-Pardon-de-Conques§33457§33210§Langon§Le Sud-Gironde§CC du Sud Gironde§6,68§589 (2018)§88
Saint-Paul§33458§33390§Blaye§L'Estuaire§CC de Blaye§10,87§956 (2018)§88
Saint-Pey-d'Armens§33459§33330§Libourne§Les Coteaux de Dordogne§CC du Grand Saint-Émilionnais§4,2§190 (2018)§45
Saint-Pey-de-Castets§33460§33350§Libourne§Les Coteaux de Dordogne§CC Castillon Pujols§11,07§616 (2018)§56
Saint-Philippe-d'Aiguille§33461§33350§Libourne§Les Coteaux de Dordogne§CC du Grand Saint-Émilionnais§5,87§374 (2018)§64
Saint-Philippe-du-Seignal§33462§33220§Libourne§Le Réolais et Les Bastides§CC du pays Foyen§3,38§483 (2018)§143
Saint-Pierre-d'Aurillac§33463§33490§Langon§L'Entre-Deux-Mers§CC du Réolais en Sud Gironde§6,52§1 312 (2018)§201
Saint-Pierre-de-Bat§33464§33760§Langon§L'Entre-Deux-Mers§CC rurales de l'Entre-Deux-Mers§8,95§298 (2018)§33
Saint-Pierre-de-Mons§33465§33210§Langon§Le Sud-Gironde§CC du Sud Gironde§9,27§1 213 (2018)§131
Saint-Quentin-de-Baron§33466§33750§Libourne§Les Coteaux de Dordogne§CA du Libournais§8,69§2 499 (2018)§288
Saint-Quentin-de-Caplong§33467§33220§Libourne§Le Réolais et Les Bastides§CC du pays Foyen§11,27§239 (2018)§21
Saint-Romain-la-Virvée§33470§33240§Libourne§Le Libournais-Fronsadais§CC du Fronsadais§7,82§872 (2018)§112
Saint-Sauveur§33471§33250§Lesparre-Médoc§Le Nord-Médoc§CC Médoc Cœur de Presqu'île§21,89§1 296 (2018)§59
Saint-Sauveur-de-Puynormand§33472§33660§Libourne§Le Nord-Libournais§CA du Libournais§5,57§354 (2018)§64
Saint-Savin§33473§33920§Blaye§Le Nord-Gironde§CC Latitude Nord Gironde§33,87§3 222 (2018)§95
Saint-Selve§33474§33650§Bordeaux§La Brède§CC de Montesquieu§17,74§3 201 (2018)§180
Saint-Seurin-de-Bourg§33475§33710§Blaye§L'Estuaire§CC de Blaye§2,47§406 (2018)§164
Saint-Seurin-de-Cadourne§33476§33180§Lesparre-Médoc§Le Nord-Médoc§CC Médoc Cœur de Presqu'île§15,77§708 (2018)§45
Saint-Seurin-de-Cursac§33477§33390§Blaye§L'Estuaire§CC de l'Estuaire§2,36§770 (2018)§326
Saint-Seurin-sur-l'Isle§33478§33660§Libourne§Le Nord-Libournais§CA du Libournais§8,83§3 147 (2018)§356
Saint-Sève§33479§33190§Langon§Le Réolais et Les Bastides§CC du Réolais en Sud Gironde§4,8§254 (2018)§53
Saint-Sulpice-de-Faleyrens§33480§33330§Libourne§Les Coteaux de Dordogne§CC du Grand Saint-Émilionnais§18,17§1 330 (2018)§73
Saint-Sulpice-de-Guilleragues§33481§33580§Langon§Le Réolais et Les Bastides§CC rurales de l'Entre-Deux-Mers§6,89§230 (2018)§33
Saint-Sulpice-de-Pommiers§33482§33540§Langon§Le Réolais et Les Bastides§CC rurales de l'Entre-Deux-Mers§9,82§238 (2018)§24
Saint-Sulpice-et-Cameyrac§33483§33450§Bordeaux§La Presqu'île§CC du Secteur de Saint-Loubès§15,04§4 643 (2018)§309
Saint-Symphorien§33484§33113§Langon§Les Landes des Graves§CC du Sud Gironde§106,29§1 834 (2018)§17
Saint-Trojan§33486§33710§Blaye§L'Estuaire§CC du Grand Cubzaguais§3,05§343 (2018)§112
Saint-Vincent-de-Paul§33487§33440§Bordeaux§La Presqu'île§Bordeaux Métropole§13,88§1 002 (2018)§72
Saint-Vincent-de-Pertignas§33488§33420§Libourne§Les Coteaux de Dordogne§CC Castillon Pujols§7,61§373 (2018)§49
Saint-Vivien-de-Blaye§33489§33920§Blaye§Le Nord-Gironde§CC de Blaye§5,69§354 (2018)§62
Saint-Vivien-de-Médoc§33490§33590§Lesparre-Médoc§Le Nord-Médoc§CC Médoc Atlantique§29,4§1 789 (2018)§61
Saint-Vivien-de-Monségur§33491§33580§Langon§Le Réolais et Les Bastides§CC du Réolais en Sud Gironde§15,83§375 (2018)§24
Saint-Yzan-de-Soudiac§33492§33920§Blaye§Le Nord-Gironde§CC Latitude Nord Gironde§11,14§2 398 (2018)§215
Saint-Yzans-de-Médoc§33493§33340§Lesparre-Médoc§Le Nord-Médoc§CC Médoc Cœur de Presqu'île§11,54§361 (2018)§31
Sainte-Colombe§33390§33350§Libourne§Les Coteaux de Dordogne§CC Castillon Pujols§4,06§422 (2018)§104
Sainte-Croix-du-Mont§33392§33410§Langon§L'Entre-Deux-Mers§CC Convergence Garonne§8,98§883 (2018)§98
Sainte-Eulalie§33397§33560§Bordeaux§La Presqu'île§CC du Secteur de Saint-Loubès§9,06§4 733 (2018)§522
Sainte-Florence§33401§33350§Libourne§Les Coteaux de Dordogne§CC Castillon Pujols§3,21§150 (2018)§47
Sainte-Foy-la-Grande§33402§33220§Libourne§Le Réolais et Les Bastides§CC du pays Foyen§0,51§2 577 (2018)§5053
Sainte-Foy-la-Longue§33403§33490§Langon§L'Entre-Deux-Mers§CC du Réolais en Sud Gironde§9,37§127 (2018)§14
Sainte-Gemme§33404§33580§Langon§Le Réolais et Les Bastides§CC rurales de l'Entre-Deux-Mers§9,55§187 (2018)§20
Sainte-Hélène§33417§33480§Lesparre-Médoc§Le Sud-Médoc§CC Médullienne§127,87§2 826 (2018)§22
Sainte-Radegonde§33468§33350§Libourne§Les Coteaux de Dordogne§CC Castillon Pujols§12,48§446 (2018)§36
Sainte-Terre§33485§33350§Libourne§Les Coteaux de Dordogne§CC du Grand Saint-Émilionnais§13,93§1 896 (2018)§136
Salaunes§33494§33160§Lesparre-Médoc§Le Sud-Médoc§CC Médullienne§42,64§1 131 (2018)§27
Sallebœuf§33496§33370§Bordeaux§Créon§CC des Coteaux Bordelais§14,8§2 560 (2018)§173
Salles§33498§33770§Arcachon§Les Landes des Graves§CC du Val de l'Eyre§137,98§7 216 (2018)§52
Samonac§33500§33710§Blaye§L'Estuaire§CC de Blaye§3,9§422 (2018)§108
Saucats§33501§33650§Bordeaux§La Brède§CC de Montesquieu§89,15§3 156 (2018)§35
Saugon§33502§33920§Blaye§Le Nord-Gironde§CC de Blaye§15,5§480 (2018)§31
Saumos§33503§33680§Lesparre-Médoc§Le Sud-Médoc§CC Médullienne§57,65§526 (2018)§9,1
Sauternes§33504§33210§Langon§Le Sud-Gironde§CC du Sud Gironde§11,32§796 (2018)§70
Sauveterre-de-Guyenne§33506§33540§Langon§Le Réolais et Les Bastides§CC rurales de l'Entre-Deux-Mers§31,75§1 820 (2018)§57
Sauviac§33507§33430§Langon§Le Sud-Gironde§CC du Bazadais§11,15§327 (2018)§29
Savignac§33508§33124§Langon§Le Réolais et Les Bastides§CC du Réolais en Sud Gironde§17,02§630 (2018)§37
Savignac-de-l'Isle§33509§33910§Libourne§Le Nord-Libournais§CA du Libournais§4,47§500 (2018)§112
Semens§33510§33490§Langon§L'Entre-Deux-Mers§CC du Sud Gironde§3,67§214 (2018)§58
Sendets§33511§33690§Langon§Le Sud-Gironde§CC du Bazadais§8,36§339 (2018)§41
Sigalens§33512§33690§Langon§Le Réolais et Les Bastides§CC du Bazadais§18,33§371 (2018)§20
Sillas§33513§33690§Langon§Le Sud-Gironde§CC du Bazadais§7,63§121 (2018)§16
Soulac-sur-Mer§33514§33780§Lesparre-Médoc§Le Nord-Médoc§CC Médoc Atlantique§28,89§2 819 (2018)§98
Soulignac§33515§33760§Langon§L'Entre-Deux-Mers§CC rurales de l'Entre-Deux-Mers§11,49§430 (2018)§37
Soussac§33516§33790§Langon§Le Réolais et Les Bastides§CC rurales de l'Entre-Deux-Mers§6,61§194 (2018)§29
Soussans§33517§33460§Lesparre-Médoc§Le Sud-Médoc§CC Médoc Estuaire§13,55§1 643 (2018)§121
Tabanac§33518§33550§Bordeaux§L'Entre-Deux-Mers§CC des portes de l'Entre-deux-Mers§8§1 083 (2018)§135
Taillecavat§33520§33580§Langon§Le Réolais et Les Bastides§CC rurales de l'Entre-Deux-Mers§9,49§289 (2018)§30
Talais§33521§33590§Lesparre-Médoc§Le Nord-Médoc§CC Médoc Atlantique§15,27§753 (2018)§49
Talence§33522§33400§Bordeaux§Talence§Bordeaux Métropole§8,35§42 701 (2018)§5114
Targon§33523§33760§Langon§L'Entre-Deux-Mers§CC rurales de l'Entre-Deux-Mers§25,88§2 066 (2018)§80
Tarnès§33524§33240§Libourne§Le Libournais-Fronsadais§CC du Fronsadais§1,45§331 (2018)§228
Tauriac§33525§33710§Blaye§L'Estuaire§CC du Grand Cubzaguais§10,51§1 287 (2018)§122
Tayac§33526§33570§Libourne§Le Nord-Libournais§CC du Grand Saint-Émilionnais§7,22§133 (2018)§18
Teuillac§33530§33710§Blaye§L'Estuaire§CC du Grand Cubzaguais§7,15§882 (2018)§123
Tizac-de-Curton§33531§33420§Libourne§Les Coteaux de Dordogne§CA du Libournais§3,97§340 (2018)§86
Tizac-de-Lapouyade§33532§33620§Libourne§Le Nord-Libournais§CA du Libournais§9,4§474 (2018)§50
Toulenne§33533§33210§Langon§Le Sud-Gironde§CC du Sud Gironde§6,58§2 730 (2018)§415
Tresses§33535§33370§Bordeaux§Créon§CC des Coteaux Bordelais§11,54§4 821 (2018)§418
Uzeste§33537§33730§Langon§Le Sud-Gironde§CC du Sud Gironde§26,05§450 (2018)§17
Val de Virvée§33018§33240§Blaye§Le Nord-Gironde§CC du Grand Cubzaguais§20,8§3 535 (2018)§170
Val-de-Livenne§33380§33820§§§§§§
33860§Blaye§L'Estuaire§CC de l'Estuaire§37,4§1 756 (2018)§47§§
Valeyrac§33538§33340§Lesparre-Médoc§Le Nord-Médoc§CC Médoc Atlantique§13,49§543 (2018)§40
Vayres§33539§33870§Libourne§Le Libournais-Fronsadais§CA du Libournais§14,46§4 053 (2018)§280
Vendays-Montalivet§33540§33930§Lesparre-Médoc§Le Nord-Médoc§CC Médoc Atlantique§101,46§2 426 (2018)§24
Vensac§33541§33590§Lesparre-Médoc§Le Nord-Médoc§CC Médoc Atlantique§34§1 003 (2018)§30
Vérac§33542§33240§Libourne§Le Libournais-Fronsadais§CC du Fronsadais§8,59§931 (2018)§108
Verdelais§33543§33490§Langon§L'Entre-Deux-Mers§CC du Sud Gironde§4,75§1 026 (2018)§216
Vertheuil§33545§33180§Lesparre-Médoc§Le Nord-Médoc§CC Médoc Cœur de Presqu'île§21,94§1 300 (2018)§59
Vignonet§33546§33330§Libourne§Les Coteaux de Dordogne§CC du Grand Saint-Émilionnais§4,15§500 (2018)§120
Villandraut§33547§33730§Langon§Le Sud-Gironde§CC du Sud Gironde§12,58§1 089 (2018)§87
Villegouge§33548§33141§Libourne§Le Libournais-Fronsadais§CC du Fronsadais§13,84§1 256 (2018)§91
Villenave-d'Ornon§33550§33140§Bordeaux§Villenave-d'Ornon§Bordeaux Métropole§21,26§35 278 (2018)§1659
Villenave-de-Rions§33549§33550§Langon§L'Entre-Deux-Mers§CC du Créonnais§2,56§332 (2018)§130
Villeneuve§33551§33710§Blaye§L'Estuaire§CC de Blaye§4,63§396 (2018)§86
Virelade§33552§33720§Langon§Les Landes des Graves§CC Convergence Garonne§13,41§1 077 (2018)§80
Virsac§33553§33240§Blaye§Le Nord-Gironde§CC du Grand Cubzaguais§3,6§1 102 (2018)§306
Yvrac§33554§33370§Bordeaux§Lormont§CC du Secteur de Saint-Loubès§8,48§2 818 (2018)§332
